locus_tag	product	protein_id	translation	FeS_Cluster_Type
Moth_0036	4Fe-4S ferredoxin, iron-sulfur binding protein	ABC18376.1	MSVAFKAITTENGKGIFHLFPALCKGCGLCIEKCPVDTIGWAKQLGAFGTPVVEPGHGKPCIACKKCQLVCPDAAIWIERRNGKDRSDSLTSLPERH	2Fe2S_2, 2Fe2S_3, 3Fe4S_1, 4Fe4S_1, 7Fe8S_1, 2x_4Fe4S_1
Moth_0039	conserved hypothetical protein	ABC18378.1	MVKTFRQREEDIVRCNRCGFCEEVCPTYKATGEEFSLARGRNRLMRQSMEGKLDLTKEPEINQHIYSCLLCGACVAACPSSVITDTLIKTARAEITRAKGQPFPIRMALRGVLANQRRLTLGAKVLRFYQRSGARWLARHIGFLNLMGSLGKAEGLLPAIPEKTLRVQLPQLLKKPMKPRHKVAYFAGCMINNFFTAVGEATLRVYQENDIEVVVPTSNCCGIPHEAYGDIEMQIKLAKENLDAFSRYEVEAIVTDCASCAHGLHSYAELLQDDPHYGPLAAQLAAKVKDASQYLVEIGFKKEMGPVNATVTYHDPCHAARGLKVKEQPREILKSIPGVKFVEMNESDWCCGGAGSYNVTHYELSRKILARKMDNFKKTGAEYLATSCPACLMQLAHGLDVYRLSGKAIHVMQILDQAYQNRAVRSKAKAG	2x_4Fe4S_1
Moth_0044	Signal peptidase II	ABC18383.1	MIVETARGLELGEVVIAPRQVEETEVVQPLRPVLRPATQADLEQVAVNRQKEKDAFAICQQKIQEHGLPMKLIDVEFTFDVSKIIFYFTAEGRVDFRELVKDLAAIFRTRIELRQIGVRDEAKMLGGLGCCGRPICCATFMGDFDPVSIRMAKEQNLSLNPTKISGLCGRLMCCLRYENDAYEDARHRLPRCGAMVRTPAGCGRVTGINILKERVTVEIPEQGSMEFPLEAIEGECHEH	2Fe2S_3
Moth_0061	ferredoxin	ABC18400.1	MRLEDKLFLNRYQTDKHPHLRIKDREVCRHCEGKPCTFICPARVYVWNEREERIETAYEGCVECGTCRYGCAHDNIDWRYPRGGFGILYKYG	2Fe2S_2, 2Fe2S_3, 2x_4Fe4S_1
Moth_0127	hypothetical protein	ABC18466.1	MLRVGIIACRDYWKKGCPGYQAHILCFLAREKHQGPLGELEGANIVAMQPCPGCPGTGRLALARRMIAHDRVDCFVFPSCLFFNNHCPTAASHARAIEAATGRPVLLGSYLEAARARSCASVIIKPGDIPSITECRQRLLNLNYLQYLYDRQASAPRKALQILTLLKMA	2Fe2S_3
Moth_0153	4Fe-4S ferredoxin, iron-sulfur binding protein	ABC18491.1	MYDLRVVVEEIRGFCDLPMHPGDYFEVRGGRIYIPAGKYMCLWALQSLMPMLPVKQRQINETNDWIPHTHRIVCPDPNGLVIFRIDRLDPGQGESQGKEGRLESPAGDSAAPIPPRLLVNEKICSGCRACELACSLYHEDAFAPELARLWVEKDEPEGLDRPHVCRQCGNAACVKACPEGALSRDARTRAVILDRARCTGCGSCARACPFQALRLHPRESYPLTCDLCGGDPRCVQRCATGALRFGRAGDR	2Fe2S_2, 2Fe2S_3, 3Fe4S_1, 4Fe4S_1, 7Fe8S_1, 2x_4Fe4S_1
Moth_0171	hypothetical protein	ABC18507.1	MHDKLRRLIDRLFRKMIVPFLGAGVSYNANPDGLTRTPDMIRRLAQELILEAKKSTELAKFLLCICGKQDGTESDLCIDKLCNAGMAVLAEVYIHLHNEVKACNILRVAEFCDLEPTPTHCYIAYIAREGYINEIITTNYDTCMEKAYEKSFNRNFTSRQVRVVTNLSEYRHFIDDSNPKYPLLHIYKINGCAKKFKEDPQNEAANIVLTERQLQNWRENKWAQDMFRDRCRTRSILFSGFGSEEPQIRHTVLQVMDEFINNGQNSGNNVEVWDYENSPFIAEWGEMTFYQFQILSSYLRAHGLTQITINEVQEGAFTKSDKELFDRYLPWNGKNLDMEQFWGVVYLLFIQRLLSEKYFSPGSKFSNYLPISLSIQQLLLQEFRQEILGQGGNEFKLQDLFIWHENASYLQVSALHHRILFPGEELEPYNYCAFRDEPVALCMLYFLWWLCYRAYNYKDKSWLLPCAEGKALVRIFVAEDNKIKIPVYVCGRDGYYNLNQLVMGYEPPYSLGVIFVLNGYGLEPKVFPISNIIDSQLDIIQFYIIPDVYCFRNSCQSLEDILEGIRNLITDPAKIKKEAVHWKKWVEEIYQ	2Fe2S_3
Moth_0197	Radical SAM	ABC18532.1	MRILLTTLNAKYIHVNLALRYLRACCRDLPHTFILDEFTINDHPEHIAAAIYRHRPDLVAFSCYIWNIEPTLAVAAILKKVRPELTILCGGPEVSFDTAAFLAQNPQIDLVITGEGEIPFRALLEQLAGQQRPPAGNREEPLTASMYRPAGGRPAPGPVPDPAAIPGLAWRRGAETIVNPPAPPLRDLDTIPFPYQEDLDAAGNELSQRTVYYETSRGCPFACGFCLSSTTEGLRYFSLERVRDDLERLLKAGVREIKFVDRTFNAHKKRALAIWEFLLSRRPRARCYFEIAGDRLDEEMLAHLNRVPPDLFQFEIGVQTIDAGVNARCNRRQDWARLAANTRRLREMGSIRLHLDLIAGLPGETYAGVGESFDAVVALKPHEIQLGFLKLLKGTTLRARADEFGYLFLDRPPYQVLASSAITYEEMLRLHAIEGLLKYYGNSHLADHAFAYLAATAFDGSYFAIYEALAAWWEARGLLRRGHSQRDLFNHLASFAIHLARGIATRVTVPPLPGYHDSILEINSHGDTPASGAEHSGCARNLTPAQLDRFYQLLKFDCLCRDRSRNFPGWMPPSPLTEEERSNWMARITTPRSMEKYMPGLVKESPANLRRHGFIELFPCHPERPEEDNPTIVFFYYGPPGSETRVYYLQAPPLVV	2Fe2S_1
Moth_0224	DEAD/DEAH box helicase-like protein	ABC18559.1	MHTPLEDLCHWLYLEGEIKLLPGVGYDPDGRPRCRRCGQATGLLKVNCAACSREDCLLCEECLAMGQSRRCRPLYARPWPFAAGSPARPAAVVRPLLRFDLTPAQADAYREAEGFASQDKEKECLLWAACGAGKTEVAYGAIAAALARGRKVLYACPRKEVIRELHPRLQAVWPGLRIQALYGGSQGKYGEADLILATTHQALRFYRRFDLVILDEVDAFPLAGDPMLYYAVERARREHGQILWLTATPPPEMVARVRKGKLAVIYLPARYHGHPLPEPEFVREPFLRPPGTGPLPRSMVNCINTTLGAGLQLLLFVPAVSLVEGVAAWLLDSWPGQAPGGAWVRGCHAAHPRREEVIAAFRRGEFPVLVTTTVMERGVTIPRLNVLVLYAEEGRVFTASTLVQIAGRAGRSAAYPTGRVWFIGRHLSPAIAEAARQIREFNRLARRRGYLTR	2Fe2S_1
Moth_0368	Radical SAM	ABC18702.1	MNSRTEHEKERNNSPGVAVEGFLATLTSCRLCPRACGVNRLAGEKGFCRAGVRPRVALATLHHWEEPCLSGSRGSGAVFFSYCNLRCAFCQNYRISWQGRGREMEIEDLTALFLDLQAQGAHNINLVSATPYTPMLVPALREAKKRGLKIPVVYNCNAYESLESLRSLAGLVDIYLPDLKYIDDGPARRYSQAPNYFSVATAAILEMQRQVGILTFDAAGLARRGLLIRHLVLPGQAEAACRVLEWVKANLPRETYLSIMAQYVPVWQAQRYPEINRRLTAAEYESVLEYFDALGLENGFCQELDAATTDYIPNF	2Fe2S_1, 2Fe2S_2, 2Fe2S_3
Moth_0377	2-oxoacid:acceptor oxidoreductase, delta subunit, pyruvate/2-ketoisovalerate	ABC18711.1	MKYLYGPVAIAFASTKTGSWRIMRPEVDHDQCTRCGTCAKYCPLDIIDVDKESKVQSVTMNLDYCKGCGICANVCPRKCIKMVSERGER	2Fe2S_2, 2Fe2S_3, 3Fe4S_1, 4Fe4S_1, 7Fe8S_1, 2x_4Fe4S_1, Alv_2x_4Fe4S_1
Moth_0398	hypothetical protein	ABC18732.1	MLEFLEKSIKVTIDTSKCSECETKACIAACKKFARGMLQLKDGVPSVAYLSADEVKRRGTECLACEYECWFRGKSAIKIDVPIEGLDEYLRKRGLS	2Fe2S_2, 2Fe2S_3
Moth_0401	Malate dehydrogenase (oxaloacetate decarboxylating)	ABC18735.1	MSIQERALNLHREWQGKIETRPRVQVRNADDLTMAYTPGVAEPCKEIHKDPNLVDVYTRRWNLVAVVSDGSAVLGLGNIGARAAMPVMEGKSVLFKSFAGVDAFPICIDSQDVDEIVRTVQLLTPTFGGVNLEDIAAPRCFEIERRLKETTDIPIFHDDQHGTAVVVLSAIINACKITKRELSDLKVVINGAGAAGIACGKLLVDVGVSDVILCDSKGIICSKRDDLNAIKKEMLQITNKEDRCGTLADAMEGANCFIGLSVKDAVTPEMVRSMDKDSILFAMANPVPEILPDVARAAGAAVVGTGRSDFPNQVNNVLGFPGIFRGALDVKASDINDAMKIAAAHALADLVGDRLSADFVMPEAFDPRVAPAVAMAVARAAIESGVARDPKDPEWVKRHTEELIARQ	2Fe2S_3
Moth_0439	Heterodisulfide reductase subunit C-like protein	ABC18770.1	MQQGNDPLNGWPAFTTMRACYQCARCTSGCPVATLDPEYNPRRIFRLAVLGEKEAVLKDEKLWYCLACYTCQERCPEEARPAEVLLALKNLACERGFAPAALLAAARLVAEDGRLYNIDEFHNEYREEEGLPALDEETGILGKLLALTGLQGRLVE	2Fe2S_2, 2Fe2S_3, 3Fe4S_1, 4Fe4S_1, 7Fe8S_1, 2x_4Fe4S_1
Moth_0441	4Fe-4S ferredoxin, iron-sulfur binding protein	ABC18772.1	MSGKLDVLVVGGGPAGMAAALDLARAGLQVMIVEKEAVLGGRWLDYGCKAGEDCSRCNICLGFPLLEEVTSRENITLVTGMVVVGVTGTTGAFTASLRATGPRIDWQKCDHCGRCREACPAGAILPPHPRGLPRAYRLDHSCCLRAKEDCQACVAACPRAAIELEPASPESIRARAIVVATGFAPFDAAGLPEYGYGFYPRVTTAMELESALSQGDLDAPGWERLSFIQCAGSRSRKLGHDYCSRVCCGYSLRLARALKYRGLSREITIFYMDLQLNDARLQELYRELRATPGLKLVRGMPSEIRRGRDGRVSIHYEDLSTGTLATEEFDRVVLAVGITPVRGEILPGLSLERDPAGFLAAVDGPNGIQASTPGVFLAGTCQAPRDIQESITHGRLAAAGVRKLLEGSGEKAGMSDISSGAGRSAAADVLVSGRGASALLAARDLMRAGLRVLLLDDDGDFDPADPAGELAGPLWSELTDNSKVTYLPGREILGVNGDAGSFSVQVGDGRRVANLQVRAILLANRLAAGLPAGIATGAVPILTQQQLAAKLAAGGRIPALTSQGVTGTADGDLLAGIRGGGEVVFWLDAAGDLSLAIHALAWQNIAALKERLEPDRTIYVLARQVRVAALPELEALYGRLREAGVIFIKPQEVPSWDGACLEVSDPTRLTPGMPEVTRLHPDLLVVGEELAATPVTRRLWQRLGLKAVQGEANGPAGMDSLYYRAVTTNRRGIFLVAAGREPVPAGEAGTAASLAAAAVVSFLKGEEPEAAPVTLAFRPLDGACAACLTCVRTCPHGAMVVQGKALVRTRSCQGCGICVAECPAHALELPEYTDVRLLQAAAGDKGGN	2Fe2S_1, 2Fe2S_2, 2Fe2S_3, 3Fe4S_1, 4Fe4S_1, 2x_4Fe4S_1
Moth_0445	Radical SAM	ABC18776.1	MPATSPEYVKTSTAAAITLGFQPGSFHRDARLTGLNLLLTYNEPCAGRCAYCGLSGNRLPDAEPTFIRVDWPVYALDAILKEVRRDSRGLERVCIGMPTHRRSWDDLLKVVNRWHRESDLLISALLTPTACRGRDFFELRAAGADMVGIAIDCATPELFERYRGRGVKGPHRWEEYWEGVSRAVTVFGRGRVGIHLIVGLGETEAEMIQTIQRAQDMGVRTHLFSFFPETGTILARRRQPPLGQYRRVQLARYIINEGLGRAEDMTFNDAGQVMDFGMDITPLVKAGEAFRTSGCPGKDGRTVACNRPYGNERPSQAIRNFPFAPEPGDIRAVERQLRQGLKGAVAHAG	2Fe2S_1
Moth_0446	Radical SAM	ABC18777.1	MPVELRRQLAEVYHLPLKELLPAAWRLRLKNFPPVLGLATPGSKHYDSGDHRNHRRLFVTISITGQGCRLQCEHCRGELLKSMYPATTPAALLELGRQLKDGGCRGVLVSGGADLGGRVPLLPYLEALAGLKGLGLKVIVHTGLADPATARGLKNAGVDQVLLDIIGDRETARRVYHLEMDPADYGAALENLLSAGLKVVPHIVAGLNFGRLAGELEALYQVLSRDCRDLVLVVLTPLPGTPMAGITPPPPAAVGRLLATARLAGPRLNILLGCARPAGRHRLWTELYALRAGVNGMAYPHEATVARARRLGLKPFFSDLCCSLL	2Fe2S_1
Moth_0451	4Fe-4S ferredoxin, iron-sulfur binding protein	ABC18782.1	MAHYAMLVDLTRCVGCHGCTVACQAKWDLLPEIQFTKVHRYEIGSFPKVKGGVVTTQCMHCDDPPCARVCPTGATQKRPDGIVIVDESKCIGCRYCQSACPYDARSFNPQRGIVQKCYFCYDFVAQGRKPACVDTCMAAARVFGDLEDKGGELSRALAAKKAVQIKGTSIFYVPPRNLDASYLPPDFREPGAVRIWQDIVHPGGKTVMGLAAGAVVAGLVINNIKGGGANA	2Fe2S_2, 2Fe2S_3, 7Fe8S_1, 2x_4Fe4S_1
Moth_0505	hypothetical protein	ABC18835.1	MSVRNIDLDKMQHFIDRCCKTESECGKCDRARCLVGFAQTALAYARQKNTTRIPRGHELVPQDDLRVYYQEDLINALAEVLHQCQNCRDNHEEECVINVTRRALELALLGENFDYEGSASAYLMQVGRHNPEVGPKLLQAYQSRKNS	2Fe2S_1
Moth_0506	Nitrite and sulphite reductase 4Fe-4S region	ABC18836.1	MGDAIFKQRSGYLGVGIVARCGILTPDQLAGLGDLARALDCQYCKLTTRQTLIFIIPEDRLEDLRAGVTALGLQVGVFGEIVRNIKACAGNKDLCQRSLSDVFELGGVLQDRFMNRPTPCDFKIALAGCHRGCTDPQCADYGIIATGNDTYDVYLGGRGGSRKPIHATRIATGITGKGVEDLLAWILERYDALAEPRERLCNTIARVGLEAFLPPEGFLEGYRPREDNAFLTFAGL	2Fe2S_2, 2Fe2S_3
Moth_0507	4Fe-4S ferredoxin, iron-sulfur binding protein	ABC18837.1	MGSTKLTKELKEWAAARGLVLGVAPVRPFERGRQALAWLARRGLATPFATGRPEERYRPDLLYPAARSLIVVARPHPQPVRPPGPGEGRIARYALGPDYHLELRASLEALAGMLQRAGARLTAVQVDNGPLLEREAAYLAGLGYYGASCNLIIPGLGTGCALGLLITDLELEAGQPLTQATCRNCGRCLAACPTGALVAPGRLHPELCLSYLTQKRGVIPVELRPALGRHIWGCDACQEVCPENRAEFSPADQGASRAGPDGQWQGPGRDLPDGGTGTGLIYPELATIITMDKAGFNRVFGGTALAWRGKTLLQRNAAIALGNLGDARALGPLQQALRAPAAVLRGHAAWALGRLGPPARPALAVALATETDPWVRREIRTALDSC	2Fe2S_2
Moth_0721	4Fe-4S ferredoxin, iron-sulfur binding protein	ABC19039.1	MPKVLVVDQGKCTACRRCELACSFKHTGEFNPAAARLTVAVFLDDDYYQPVVCQHCDEPACMAVCPAGAISRDVKTNAVIIDEDRCIGCRMCIMACPFGGTDYSVSEQKVVKCDLCGGEPECVLNCPWGAIEYKEPAGQALDRREQVARKVQAALREVV	2Fe2S_2, 2Fe2S_3, 3Fe4S_1, 4Fe4S_1, 7Fe8S_1, 2x_4Fe4S_1
Moth_0722	Aldehyde ferredoxin oxidoreductase	ABC19040.1	MYGWTGQLLRVNLSNGKCRTERLDPILARDYVGARGLASKILWNEIDPQVDPLAPENKLIFMTGPLTGTTAISGNRYNVVTKSPLTGAIAASSSGGYFGSELKYAGFDGIIFEGRAPEPVYLWIEDGSFELRPAGELWGKNVHETEDAIKAVTCPHAKVACIGPAGEKLVRFACIMNDKNRAAGRSGVGAVMGSKNLKAIAVRGHGGVKVADGPAFREAVLASLAKIKANDVTHGGLPAYGTGVLVNVINAHGGLPTRNFQTGIFPGAEKISGEALAATYLVRKKACLACPMACGRATMVPSGPYAGHGEGPEYEAQWSLGADCGIDDLAAILKANFLANELGYDPISFGSTLACAMELYEKGYLPAGDTEVPLEFGNAAVMVETARKVGYREGIGDLLAEGSYRLASRYGHPELSMTSKKQEYPAYDPRAFQGIGLNYATSNRGGCHVRGYTIAAEALGTPVQADPLSSEGKAALDKAFQDLTALVDASGICLFTTFALGAPDVASMLATATGVPYTEESGLLAGERIYNLERLFNFAAGLTKADDTLAPRLLNEPMPEGPAKGKTSALTKMLAEYYQLRGWDEEGRVTAATRERLGL	2Fe2S_3
Moth_0809	4Fe-4S ferredoxin, iron-sulfur binding protein	ABC19127.1	MERVELAGSLRRNQALKSQVEAESGVVLSDCYQCGKCSAGCPVAAWMDYTPRQVIRLLQLGLVEEALKSHTPWLCACCQACYTRCPREVNLPRLMEVVRQEARRRGLINEKKVDIFERAFLGTVERYGRAHEMGLIVQYNLQSGQPFKDAMLAPPLLLKGKISPFPMKIKDVAGIKDIFTRVRARGGDRS	2Fe2S_2, 2Fe2S_3, 3Fe4S_1, 4Fe4S_1, 7Fe8S_1, 2x_4Fe4S_1
Moth_0811	heterodisulfide reductase subunit	ABC19129.2	MKRIGVFICHCGTNIASVVDVKKVAATAGNFPGVVYATDYQYMCSDPGQELIRKAIKEQRLDRVVVASCSPRLHEPTFRKTVESAGINPYLFEMANIREQCAWVHARDKERATAKAIDLVRAAVAKVSRDGPLQAATIPITKRALVIGAGIAGMQAALDIADAGYEVVLLDREPTIGGNMVKLDKTFPTLDCSAUISTPKMVAAAQHPHIKLMTYAEVENIAGYVGNFEVTIRQKARSVDAGKCTGCGTCWEKCPTRVDSEFDLGLGKRKAIYLPFPQAVPAVPVIDREHCRQFTKGKCGVCQKVCPAKAIDYEQQDEVITENFGAIVVATGYDLFKWEEVYGEYGYGKYPDVITGMHFERLNNASGPTGGKILRPSDGKEPKTVVFIKCVGSRDEAKGKSYCSRACCMYTAKHAHQVLEKIPDSQAIVFYMDIRTPGKAYEEFQQRSVHEGAIYVRGRVSRVFQEGDKLIVRGEDTLLGRQVEVAADMVVLATAMVPSHGWEKVAKMIGLQTDKDGFFQEAHPKLRPVETFTAGVFLAGACQGPKDIPDTVSQASAAAVKVCQLFAKDEMATDPMIAAVDESICSGCAMCEKICPYKAISIKTITERVAGRQVSRRVASVNNGLCQGCGTCSVACPSSAMNLRGFTNEQILAEVDAVCL	2Fe2S_2, 2Fe2S_3, 3Fe4S_1, 4Fe4S_1, 7Fe8S_1, 2x_4Fe4S_1
Moth_0814	4Fe-4S ferredoxin, iron-sulfur binding protein	ABC19131.1	MSSLQEQMRTRARELLSQNKVQMVIGWEKGTFWYLSPPVFITDPEDCNRLVWDEFCTNNLAKYLLDYKLGEEKIALFVKGCDSRGINRLLQDNQIQRERVYLIGINCPGVKDGRRAAVLGEARRAEVPLAEKCLYCTHPEPVVYDELLQEDRGAGAREAAATAEGRFAMVEKIEAMTPDERYAFWTGAYDRCLRCYACRNICPACNCRECIFDRAQSGWCGKQMSRSENQFFAITRAMHVAGRCIECGECERVCPEGIPIMALNKKIIKDLNELFGEYEAGLDLEVRPPLGQYNLNDPDEFNR	2Fe2S_1, 2Fe2S_2, 2Fe2S_3, 4Fe4S_1, 7Fe8S_1, 2x_4Fe4S_1
Moth_0815	4Fe-4S ferredoxin, iron-sulfur binding protein	ABC19132.1	MLKIDQAKLPELLSAWAGGARVFVPQEREGTSVFTPWDGEGKLTLGQGNTLEPPKDLFFPRTETMYRYQVNGPAATLETMPPLEEKRVLVGIRSCDARSLLIMDDVFLTRGYVDEFYRQRRENTRIVALACNEAQPYCFCTAFGIDPGRAEGADVQMWPGEGGYLLEAITDAGKELLKQAGDLLEEAGDVQPPAAAAPGLQVDASGVTEKLQRMFEHPYWTAVSRKCLGCGACTYLCPTCHCFDIQGENQGNSGYKFRCWDSCMFSEYTRMAGGHNPRPSKKERLRNRFLHKLQYFPERYGKFACVGCGRCLDRCPVNVDITRVIREVKEVTL	2Fe2S_1, 2Fe2S_3
Moth_0819	Glucose-inhibited division protein A	ABC19136.1	MPRVVVIGGGWAGCAAAQAARQAGAEVTLLERTDMLLGTGLVGGIMRNNGRFTATEEMLALGGGELFRVTDGAARHWNIDFAGHHHAWLYDVTRIEPLVRRALREAGVEVHLLSRVTAVQLARDRIVAVRTEAGQNYPGEAFIDATGTAGPPANCRRYGNGCAMCIYRCPTFGGRIGPAALAGVKEYAALRRGGGRGAISGSCKLHKGSLAPWLVTELEEKGAVTLPLPPDLSGKWELLQRKACQQYALPEYAISIILLDTGPAKLMTPFFPLEILRRIDGLEKARFEDPYAGGIGNSVRFLAMVPRDDALKVEGLANLFCAGERAGPFVGHTEAIVTGTLAGHNAVRLLAGLAPLVLPATLAVGDIIAYTRRQVAGGDGLYQRFTFSGAGYFERMQRLGLYTTDREVIRKRAGDLAGVFSRPLLGRKTPAGAE	2Fe2S_3
Moth_0831	Radical SAM	ABC19148.1	MKIALIAPAWHDPLWESEKEKSIFPPLNLITLAAMTPPQHEVTILDESLTDLDFNEKYDLVGISAMTALAPRAYEIADAFRERGTMVVLGGMHPSALPEEAIAHADAVVVGEAEGSWQRLLTDLENGQLQAFYRQEKRPSLEHMVIPRRDLLQRSRYLVPDTVQTTRGCPFACSFCSVSQFFGHSYRFRPVEEVISEVRDLEGEVIAFIDDNIVGNPAYARRLFTELARLPRKVKWFSQGSLNIARDEELLRLAAASGCIGLFIGFESLSPANLKAVGKRVNLVDDYRQAIKKLHDHGIAIEGAFVFGLDEDDESVFERTVKFAQENRLEAAQFGILTPFPGTPLREALEREGRITNNDWSEYTISKVVFEPKNMSARTLQEGFNWAWQEFYSLGSISRRLGLAKKHAAILWALNLNIRKRFNHFMERLRAGNLGLPQPSLARQ	2Fe2S_1
Moth_0832	glucokinase	ABC19149.1	MCLLGIDLGGTSIKAGLVDINGKILKKGQVPTGAGEGTTAVLKRIKNLARDLAGEQGLALGELEGIGIGIPGSVDVARGLVHLAPNLFWRDFSLRDELAALLDLPVAIENDAHVAALGEMWQGAGRGYTSLLMVTIGTGIGSGLIIDGRVHHGLFGYGAEMGHIKMVCDGRQCHCGGHGCLETLASATAMVKSFREYLAAGYPSMLSDRPELGAKEILAAAAGGDELAGRVIDEAACYLGTALANAVLLVGPEAIIIGGGPAQAGEVILDPIRKHLAAAMGTWQLKQVPVLQAALGNDAGIIGAAYLAMKTSSQY	2Fe2S_1
Moth_0896	replication restart DNA helicase PriA	ABC19213.1	MADLLVEVAVNSAPGAIDKTLTYRVPPEMAAGVRVGSLVLVTVGKQMATGLVVDLQGGTGHSSLKDIRDVLEADFLPPHLVELGRYMAERYFCPLAVALSAMLPPATGRRLERRWRWVPTSGEETAAALNLAGYLPSPARAVAAYLAEVAVAGESQLRPFARGRELAGALKILATHGLIREEWNWRQAPGVRRPYWAVPRPGAAAALAGMERRAPRQARILRALLEGGPRPAADLAAGNGYTALRRLEEMGLIELTLGPPAGAEGMPPSRFEGGSEEYGNHGGAGGGVAPLQLNRDQEEALRAIEGALSQGGTFLLYGVTGSGKTEVYLRATRAALARGRRALFLVPEHSLIPQVVARLRQAVGDGVAVIHGNLSPGERAAIWERARRGEIRVIAGSRSALFAPLPDLGLIIVDEEHAGSYKQDAAPRYDAREVAIKRGHLEGAVVVLGSATPSTETFYLARRGAINLLQLPRRVENLSLPAVEIVDLREEFRAGHQGYLSRRLRQEVAAALAAGRQAILFLNRRGYAPHVLCRRCGYVPLCRHCDVALTYHQDGTLRCHYCGRGEPARANCPACGGSLVRLGAGTQRVEAEARALWPGTRIIRADGDTTARKGRWEEIYRTFAGGHADILVGTQTIARGMDFPGVTLVGVVNADLSLYQPDFRARERTFQLLTQVAGRAGRKSAGKVIIQTYNPADPAITLAAAQDYRRFYEQEIAGRRAGGYPPFVKLVRVGFSGRDEAGVIEAAHDLAGSIKGAGAQIEVLGPAPGFPVRVQDNYRWQLVLKVPAWSRNKARLAGCLANYRPRHDIRMIVDVGPVNPW	2Fe2S_1, 2Fe2S_3
Moth_0906	23S rRNA m(2)A-2503 methyltransferase	ABC19223.1	MTTRIDLRGLLPQELEELAVRLGEAPYRGRQIFRWLHARRAKGIEVMSDLPRAFRERLALVAELPPVRVLNRLVAADGLTRKLLLGLGDGNSIECVLMIYKDGRRRNTACLSSQVGCAMGCSFCATGQGGLQRNLTASEIILQALALGAELAEGEGGNRISNIVFMGMGEPLNNYEAVMKGVRIFEDPSGWGISHRRITLSTCGIVPGIERLAREKPPLELAVSLHAVTNELRDKLMPINRRYPLEELIPACRRYAEITGRRVTFEYALIAGVNDRREDARGLSRLLRDMLAFVNIIPLNPVAGSGFKGVPPAAARAFVALLQEAGLEAAIRDSRGQDIAAACGQLRFASREVL	2Fe2S_1
Moth_0931	ferric uptake regulator, Fur family	ABC19248.1	MEGESILKTIKRAGYKATPQRRALVNLLLAAGKPLTVAEICQVLQREFPDISSDTVYRNLRLLVDLGLAAQIRAGTAYNDCFEILTEHHYHLVCLGCGAITCLPDCPVSDWQPPAEKLGNFQVTGHSFEIHGFCGRCRQRGLNKGGYHDAS	2Fe2S_3
Moth_0933	phenylacetate-CoA ligase	ABC19250.1	MSLSEAKNCQRKFDYDCLYRQQEPHLQALVQRLFAHSPYYREKLAAAGLTPGDIRTVADLEHVPLTDKWELRNGKPLALMAVPEEKVVRIHSSSGTTGKPIIIPYTAYDVAVWAQMMARCFAMAGVTNRDRVQVTPGYGLWTAGIGFQAGIEYLGAMVIPMGPGNTEKQLEMMVDLQATVLAATASYALFLAEEIDRRGLKDQLALRVGVLGSERWGEKMRQRIEDLLGIETFDIYGLTEIYGPGIGIDCPAHEGIHMWTDHLLLEVIDPATGKQLPPGETGELVITTLTKEGMPLLRYRTHDLTCLKREACSCGSPYPMIERVLGRTDDMVKIKGVNIFPGQVDHVLHLTPGAGSEYQLILTRQEGKDRLLVKIEYLPGYDGESTAAECRRQIKTRIGILADVEAVPLGTLPRSEKKTRRVYDYRET	2Fe2S_1
Moth_0935	Thiamine pyrophosphate enzyme	ABC19252.1	MPELLMGNEAIARGALEAGIRVATAYPGTPASEIMVTLMRFGPEAGVYTEWSVNEKVAVEIAAGAAYAGARAMASMKQMGLNVAADAIMSLAYIGVKGGLVLVVADDPGPHSSQTEQDTRLFARFAKLPVLDPSCPREAYEMTKYAFDLSETLGLPVIVRPTTRTCHACQDVALGTIPPRPPVPGFEKDPRWVIMPSLSARQHVWLNQQQLRAGEEFANSPFNEVYYNGPAGVITSGLSYYYVTEAGERLGVKLSLLKIGTPYPLPEKLVIDFLKQVERVLIVEEQEPVVEDQVIRLAWRHRLPVEIDGKHNGFLPREGEFNPDIVTGALAKFLAIQPAGTHGRPGTPPLPVRPPLLCAGCPHRGSFYAFKQAARDRKVIFTGDIGCYTLGAAPPLEAMDTCLCMGAGLGLAQGLARVQPDTRLVAFVGDSTFFHAGLPSLVNAVHQQTPIVVVVLDNETTAMTGHQPHPGLATDTHHKKIDISQVGRACGVETILTADPLNLEETLTVANQALAAPGPVLVILSHPCPQVAKPAGRYQVDQIACISCHTCIKELGCPALRPDGNGVQIAATCTGCGLCSQVCPVAAIEEVL	2Fe2S_2, 2Fe2S_3, 4Fe4S_1
Moth_0964	Aldo/keto reductase	ABC19279.1	MNGRHLPGQPPVFARLPKIHPEGMLMEYRRLGRTGFKVSELCFGALPMGPRQKNLDVDTCTRIIKRALEGGVNFIDTAQIYETYEPIRRAIHAYGGEVIIATKSAAVTYEDMERAIQEAREKLQLEYIHIFHLHAARATERIFEERAGALRCLLDAREKGIIGAVGISTHGVAAVRKAAAEKEIDVVFPLVNIKGAGIIDGSREEMLAAIAEAVAAGKGVYLMKALAGGNLLDNYQEAMAFARRVPGIAAIAVGMVSEAEVDYNLRYFNGEDPGIIQTAAKEFAVVETVCAGDGACLEACTNDAITMVNGKARINRAKCLLCGYCTEVCPQFAIRMI	2Fe2S_3
Moth_0982	NADH dehydrogenase subunit I	ABC19297.1	MFGQGLLKGLSITWHFCFGKAVTEQYPERRPNLPPASHGSFRLEREKCIACGICANACPNHVITVESERDEQKKRHLTGYRVKLGQCLFCGLCVESCPQGALHWQPDFELACYRHEDTEQDLLVGQAVEVKKGA	2Fe2S_2, 2Fe2S_3, 3Fe4S_1, 4Fe4S_1, 7Fe8S_1, 2x_4Fe4S_1
Moth_1026	DNA topoisomerase I	ABC19340.1	MLAKTLVIVESPAKAKTIGKFLGKNYTIKPSMGHVRDLPKSQFGVDVENNFEPRYITIRGKGEIVKELRAAAQKAQRVLLAPDPDREGEAIAWHLQHLLGLPDEAIRIEFNEITRNAIQEAVKKPRKIDQDRVDAQQARRILDRVVGYRLSPLLWRKVRKGLSAGRVQSVAVRLIVDREQEIEAFQPEEYWSLTAWLLPENEGEAFPARLVKYAGEDLNVKNEGEMESILHSLEGTTYVVAEVKQRERRKNPAAPFTTSTLQQEAYRKLNFTSRRTMQVAQQLYEGIDLGGGQGPVGLITYIRTDSTRVASVAQLEARDFLMERFGSEYVPEGLRQYKGRKDIQDAHEAIRPTSVWREPASLKNILTRDQFRLYNLIWERFVASQMQAAVMDTVTVDITAGPCLFRATGSVVKFPGFLKVYQEGRDGEDKDQEQRLPPLATGQTLKLQSLEPKQHFTQPPPRYTEATLVKTMEELGIGRPSTYAPTIETILQRGYVTREQKQFVPTELGRVVVALLKEHFPKIIDVEFTAHMEEQLDAIEAGKISWRQVLAEFYGPFEEVLEKAEAEIGTVEVPEEVSEEKCELCGRNLVVKMGRYGKFLACPGFPECRFTKPLLETIGVNCPECGGQIVARRTKRGRKFYGCQNYPRCTYVSWDKPTNQTCPRCGKRLVEKASRQGSRLVCPQKECGYVEEVRQAK	2Fe2S_3
Moth_1037	4Fe-4S ferredoxin, iron-sulfur binding protein	ABC19351.1	MSHRITEECLACGVCADECPNGAISEGEDKYEIDPELCTDCGTCMEACPNEAIVAE	2Fe2S_2, 2Fe2S_3, 4Fe4S_1, 7Fe8S_1, 2x_4Fe4S_1
Moth_1074	SSU ribosomal protein S12P methylthiotransferase	ABC19388.1	MIRVAVITLGCPKNQVESEYMLGILEKNHLEVVSDPRQAEVVIINTCSFITAAREEALDTILELARAANHPRLIVAGCLAQQYASELWQELPEAAAFIGPGATGRLPEIINRVLKGERVLDVPGPEMITGELPRLIEDGKPFAYLKIAEGCNNRCTYCTIPSIKGPYRSRPLEKVVAEAVSLAARGIKELVLVAQDTTAYGLDCYGEYRLPELLRRLARIEGIEWVRLLYAYPTRITPELIEVMATEPGVVPYLDLPLQHASEGVLRRMGRPGTGAAGLRAIESLRRAIPEITIRSTFIVGFPGEEEEDFQILLDFLTDARLDWVGAFKFSPEEGTIAASLPGQVPEEVKEERYQRLMLHQQSITRACNEGWLGREVQVLKEGPEVGRSMRQAPEVDGVVYVKGDPSPAGSMVTVKLTQLYNIYDFLGEIKL	2Fe2S_1
Moth_1109	4Fe-4S ferredoxin, iron-sulfur binding protein	ABC19423.1	MAAEVFWTNMRTKKGKSLVDKVATLWRRAGFKDAVDPGDLVAIKIHFGEKGNTAYINPVFARRVVELIKAAKGKPFLTDSNTLYVGSRSNAVDHLQTAIENGFAYAVAGAPLVIADGLKGKDYYEVPVSGKHFQKVKISSAIYHADSMVVMSHFKGHELVGFGGTLKNLGMGCASPSGKQMMHSDVLPRVEEEECIGCGKCRRWCPAGAITVTEKATINGELCIGCGECTVTCPRRAIKASFKSDPVVLQEKIVEFAYGSLKGKENKCVFFNFVTHVAPECDCNSWDDAAIIPDVGILASLDPVALDQASFDLANAQPALPGTRLDGHEDARDKFQAVSGYDGTPLLRYAEEIGMGTREYNLIKV	2Fe2S_2, 2Fe2S_3, 4Fe4S_1, 2x_4Fe4S_1
Moth_1117	Protein of unknown function DUF1540	ABC19431.1	MPGPKVKCKVNTCNHWMNGDLCAAGNIDIMHEEEGKMAQNPEQTQCKTFSARRGLANMIGTLDNVNWGGVLSNTFLPGGELYPSVTCIVNSCSYWAEGNHCKAEKIDVVGVNADECQDTNCYTYQRKG	2Fe2S_3
Moth_1121	conserved hypothetical protein	ABC19435.1	MGLEICGSEHGSSAKPCPECGTVGKRVAGITVASLLNTAVREKISDTQYNLCLSPSCKVVYYGDDGSLFTKDQVRVPVWFKEQASPRIICYCKNVTDSDILEHVVTRQCCNSLQDIRKHTRANTGHECLTKNPAGS	2Fe2S_3
Moth_1167	Radical SAM	ABC19481.1	MFKIYETACRSALNRSRIPGIDYCLNPYTGCSHRCIYCYASCMARFNGHQEKWGSFVQVKTNFIEVLAAQLRRPKKGKVMLASITDAYQAIERKYGLTQRCLELLTASGLEVSILTKSDLVLRDAELLKAMPAEVGFTITTLDDKLARLLEPGAPLPSRRLAALEKLARAGIRTWVFVAPVIPGLTDAPEDLAAITKAATRAGAQEVDFDPLNFYPAAVSGIRELISRYWPRAKSAFDHACRHPAAYRQLLKEIIKHSKSC	2Fe2S_1
Moth_1168	Nitrite and sulphite reductase 4Fe-4S region	ABC19482.1	MYNTKELIKNAYRITSRRGYTALRLRVPGGHLAAEYLGLIQDIARRYGNGTVHLTTRQGFEIPGIPLDKVPEVNQLLAPMLQQEAALGVAIENIHAGYPAAGTRNVTACIGSRVCPFANFDTTALAQKIEGLIYPNHYHVKIAITGCPNDCIKAHLQDIGIIGQVEPEYDPGRCIACQACVKNCRQFIVGALELVNYQVERDGKRCLGCGECILQCPMAAWTRGRQYYRIVALGRTGKKSPRLAANFLECIDEKAVLQVIANLYRYIERHIDRSLPKEHVGYIVDRTGYQVFRDELLDGVDLGPKGRVARELPFYGYSYDRDLLWSK	2Fe2S_2, 2Fe2S_3, 3Fe4S_1, 4Fe4S_1, 2x_4Fe4S_1
Moth_1170	4Fe-4S ferredoxin, iron-sulfur binding protein	ABC19484.1	MGYKLTPAGLAALLDELVTSRRVFGPVRYAGKGRLAGTDLITYGPVKGLADVVWDARTTFSPKEVFFPIKESLFYFSDGEITESALKASEILETVVFIRACDLNAVTRLDKIFLENGPAADNYYARRRQHTHFVLMECQESFPGCFCVSMGTNRATGHQAALRPEGSYYLLQALAEPWLSLGERYGQPADVEPVWVQENSLTVKVPDRVDTSLFQHELWREYSSRCIACGRCTLSCPTCSCFSVQDIFYRDNPERGERRRVWASCQIDGFTDMAGGHKVREDRGERMRFKVLHKIDDFRRRFGINMCVGCGRCEEVCPEYISFARCVNTLSQLMNGGAGA	2Fe2S_1, 2Fe2S_3
Moth_1192	zinc-finger protein	ABC19506.1	MIIAEGKPLVEVAGLIKDAKKVLVVGCGGCVTVCLAGGEKETGILAAELRLLRKKEGNPLETVEVTLTRQCDPEYVDMLNKYVTDDVDAIVSLACGVGVQFLAERYNKWVVPALNTKFAGGTVAHGVWEERCGLCGECILYKTGGICPIIRCSKSILNGPCGGSQGGKCEVNPETPCAWQLIYDRMQALGKLDLLMEIQPPKDWSKSRDGGPRKVVREDVTIDG	2Fe2S_3
Moth_1194	4Fe-4S ferredoxin, iron-sulfur binding protein	ABC19508.1	MSAKKETTPAVGAVLVLGGGIAGMQSALDLANAGYLVHMVTESSSIGGHMAQLDKTFPTNECAMCLLGPRMTDTSNHPNIRLHTCATLEKVEGEKGNFTVQIREKPRYVNIQECTACGDCEQACPVSIPNEYNQEMGTRKAIHKMFPQAVPNKYLITKRGTPPCRSTCPAGTNVQGYVALISQGKFAEALEVVHRRMPFAGICGRICHHPCETECNRGRYDDPIAIATLKRAAYDYGWEAEASREKERRPELPSRKEKVAIIGAGPAGLTAAQDLALAGYQVTIYDALNQPGGMLRGGIPRYRLPMEVVDRETQRILNLGIKFVPNTVVGKDINLKDLQKEYNAVIIAVGLQQSRMLKLDGSELEGILPGVNFLREAALGGRPEVGEKVVVIGGGNVAIDVARTARRLGAREVHLACLESREEMPAHPWEVEEALEEGIILHPSWGPKRFLGAKGRVTGIELMQCTRVFDEEHRFNPQYNPEVTQTLTADTIIMAIGQAADLSLLGEKSPVATNRGLIKADPLTLATSVPGVFACGDIVRGPASVVEAVASGHEAAESVKRYLQGEDLATGRSLEKEPHLDPPPNVVPFPGRRQAQAMAPVEERVKDFREVYQGFTPEEAIAEAKRCLNCGICSECLQCEAVCKKKAIEHWQQEKVTKLKVGSIVLAPGFELFDATLAGEYGYGYYANVLTSLEFERLLSATGPTESHVLRPSDQRPPKKVAFIQCVGSRDCEREGSPYCSAICCMYSTKEALIAREHDANIEPTIFYLDIRAYGKNFDRYVESAKAGGVRYVRAMISRVEEDPQTKNLIIQYYTDGRVQREEFDLVVLAVGVKPPIDAEKIAAATGIELNPYGFAKTQPFEPVATTRDGIYVAGVFQGPRDIPETVVNASAAAACAGAAMAPGRNTMITPKEYPPERDVSREEPRVGVFICHCGINIAGVVDVKAVVEAAAKLPGVVHAEDNLYTCSQDTLKKIKDAIQEYRLNRVVVASCTIRTHQPLFREALREAGLNQFYFEMANIRDQCSWVHRNEPANATLKAIDLVRMAVAKVKRHEALHLQPVPVIQKALIIGGGVAGLTAALNVAEQGFEAYIVEREAELGGQVRNLRTTLEGEDLQALLRDLITRVQANPRIQVFTRARIEDFGGHQGHFTTTISLGEPGREHVRRTQTLEHGVVIVATGSQEIKTDAYLLGQDERVITNTRLEQALADGHWDQEKNKQVVFIQCVGSRDQEHPYCSRTCCAQTIKNALAIKRRNPEAQVYVLYRDIRTYAFMEDYYRQAREAGVLFIAYDPGDPPRVRQREIGLLEVMVKDPDSGKELVLWPDQLVLATGAVAPDGVEELASLLKLPLNEDRFYVETHAKLAPIDFPTAGIFLCGAGHAPKLAAEAIAQAEGAVARACTILARENLMVGGVVAVVDENKCAACLTCVRVCPFNVPRINERNVAEINAVQCMGCGTCAGECPAKAIQLQFYKDDQLLAKVAGLFGEV	2Fe2S_2, 2Fe2S_3, 3Fe4S_1, 4Fe4S_1, 7Fe8S_1, 2x_4Fe4S_1
Moth_1196	heterodisulfide reductase, C subunit	ABC19510.1	MAEQQVVPSQQLVAPVARLSGQPVNRCYQCHKCTGGCPVTAVMDLMPHQVVRYVQLGLEEELLKSKTIWQCAACRTCISRCPNGIDIAAINDALKQRALARGIQPALPEVAAFHQAFLASLKSRGRVHELGMMIAFKLKTGTYFQDVPLGLKMFQHRKLRLLPEGIKNRQRFRALLQGEKGWRE	2Fe2S_2, 2Fe2S_3, 3Fe4S_1, 4Fe4S_1, 7Fe8S_1, 2x_4Fe4S_1
Moth_1200	Ferredoxin	ABC19514.1	MDQFAVTFLPDNITVRVAAGTSIMEAANQAGLPLKSTCGGAGTCGRCAIKVQEGKVEVRGGHLPARLREEGYSLACQTMVMGDAIIAIPPESRLGRHQVLLQDKGRLQDSLTDLLGSYPLDPACSVASLVLPEPTLTENTSDASRLLATLRKEKGLEGQLDLVFLQELPDSLRQANWQVDVTLAAGSNRLIRITPLGETRAFGLAIDLGTTTVVVSLLDLRSGERVMRKGSYNRQAVYGDDVISRIIHATSNEGGLEELRQAALATINDLITAVLTSGGIDPAEVTAATIAGNTTMTHLLLGINPRYLRLQPYIPAAAELPVLKAAEVGLKINPLAPVQIFPAVASYVGGDIVSGALFTRIASSEELTLFIDIGTNGEMVLGNSDWLISCACSAGPAFEGSGITCGMRAMEGAIEGVSIDPDTLEVELEVIGGGRPSGICGSGLIDCLAKLRRAGIIDRTGNFQEVATPRLRTTDEGPEFVLAWATQSSTQRDIVLTAADIKNLIRSKGAVFAGIQSLLKTVSLEIDAIERIIIAGGFGNYLHIPNAVEIGLLPDLPPEKYIFAGNTSLKGAELALLSQPAWQETLELARRMTYLELSAGNLFMEEFVSALFLPHTRLELFPSVGNGSGDERRSG	2Fe2S_1, 2Fe2S_3
Moth_1269	hypothetical protein	ABC19583.1	MADEVSTQQQVVGPGVCPPEGCPPPTRIECIVADKVYDSCFQVESRSRDTTVTTGLTGTFVTGTFTVGQPIPCAQAGPITCNVINRTPTTGNFATLTIVVSVPVTLTNPNAATETANRVFTFTKIVTLCAPEGVTVDCGESTLLFCNCVVSAVGVGNITVTCDFQVCVVIKTILTVQLLVPSYGFCVPAPCVVAPGVCPPAPPAQCF	2Fe2S_3
Moth_1274	hypothetical protein	ABC19588.1	MAKVKVEAGICGFQTEIQAEAPDMFSCDLNLNTTCPNIQKIAADLGTLNPLEEISFKGNSRLRELFFQYCPHAACPVLPGIIKAVEVAAGLALPGDAHIFVQK	2Fe2S_3
Moth_1276	Protein of unknown function UPF0153	ABC19590.1	MPGEPKNPVRARYWRVNGKQGYDLQVLTPGARVADYIAAVEGLEPARLFRPYNPDGDCLGCDHCCGGRLPLTILDVYGLQQGLRDLTGKDLPLPKILEKYCQVHLVGRAVDITLRTDAEGYCLLLEPSRRRCRIYNHRPLICRTYFCSPLTRPARLLRERIVNTGEDELVRYWLARQKTTPPGIRPSDWQPTPFAGCHSYAEITLKALCPPELWRGLYNPDDY	2Fe2S_3
Moth_1291	4Fe-4S ferredoxin, iron-sulfur binding protein	ABC19605.1	MKKVYARPAYCMNCHLCEVNCIVAHSRSHDVFRAYMRENLRGTARVIVEEKLPLSVAVQCRHCADPACVAGCISGAMIKDPVTGIVYCQEDKCVGCWTCVASCPFGAIRPGEKNGRPVPLKCDLCREEGEPACVAGCPNRALVFEERRAGA	2Fe2S_1, 2Fe2S_2, 2Fe2S_3, 3Fe4S_1, 4Fe4S_1, 2x_4Fe4S_1
Moth_1292	glutamate synthase (NADPH) GltB2 subunit	ABC19606.1	MPTLSLMPPEFSVVRDENKCIKCLACVRQCGFDAQKYDAEDDRLYTIDANCVNCQRCVSICPAGALTIYKNPPPMRPNAYWSEGHLRNIIKQAETGGVLLTGMGNDQPYPSYFDRLLLNASQVTNPSIDPLREPMELRTYLGSRTEPVSLEERQDKTRTPLVPLETPIMFSAMSYGSISHEAFESLARAAKEFGTMFNTGEGGLPEDLYQYADHAVVQVASGRFGVHADYLNAGRIIEIKIGQGAKPGIGGHLPGEKITAAVSATRMIPEGTDALSPAPHHDIYSIEDLKQLVFTLKEATRYQKPVSVKVSAVHNVAAIASGIARAGADIITVDGFRGGTGAAPTMIRDHVGIPIELAIAAVDQRLREEGIRNKVSLVAAGGFRSSADVVKAIALGADAVYIATAALIALGCHLCQKCYTGKCSWGIATQDPYKTRRLNPEIGAERLYNLLRGWSHEIKEMLGGMGINSIESLRGNRLHLRGVGLNEVELKLLGVKHAGEAI	2Fe2S_2, 2Fe2S_3, 4Fe4S_1, 2x_4Fe4S_1
Moth_1381	4Fe-4S ferredoxin, iron-sulfur binding protein	ABC19694.1	MRVGFFLDLNRCIGCRACEGACQNWKGPGFPLRRVQAFAGRVKGRWQEYYLSLACNHCENPECFRVCPARAYNKRRDGIVLHNSGRCSGCNRCVRACPFGAPRYNLTIGKVEKCDLCVERIDNGLPPACVEACPVKALQVLQLDEGKELGERWVPGLADVNITRPTLRLKAPEEGERFFLVG	2Fe2S_2, 2Fe2S_3, 3Fe4S_1, 4Fe4S_1, 7Fe8S_1, 2x_4Fe4S_1
Moth_1383	4Fe-4S ferredoxin, iron-sulfur binding protein	ABC19696.1	MGKLDLETIAATLTGLGQVRVQGDACIRGKSPRVTCRRCQEVCPVKGVDLGNDRPGIKDCQRCGLCAVACPVGALEDPERTHSFFLARGRESIVATGKALFACNRGLADHRRDGWIIASCLGAVAPEVILALAVRGQVGFRYLPEECAGCPWGDKGERLFRSSFAWAQQALGAMGLPGERLIRGGYLKPAPAHGGATGRAGGPVPAVMGRREFFRSLVCKIKIPGVEITPLSQSPQAVNARSRALILQQALEEARPAGGYPATARLPLAALKVTGPCYLCNICSRLCPTGALELTEGELRFNPSRCNHCGLCLAVCPQHSLAWGEDLPLEAMAAGATCTLAIVTNHRCASCGETFQAGATAMECLRCTLSRELPGVAARRGGA	2Fe2S_2, 2Fe2S_3, 4Fe4S_1, 7Fe8S_1, 2x_4Fe4S_1
Moth_1385	4Fe-4S ferredoxin, iron-sulfur binding protein	ABC19698.1	MAGQLGFHVQQDRCIGCFTCQIACKDKNDLEVGQLFRRVREIAGGGYTETGNNAFRADVYAYWISLSCNHCQDPPCVKNCPTGAMQKRPEDGIVFVDQNKCIGCRYCVWSCPYGAPQYNPQIGKVGKCDFCRDLLAKGEQPACVAACPMRVLDFGPLDELKKKYGGTNQIKGLPDPNTTKPSILITPHRDAALGK	2Fe2S_2, 2Fe2S_3, 3Fe4S_1, 4Fe4S_1, 7Fe8S_1, 2x_4Fe4S_1
Moth_1386	Anaerobic dimethyl sulfoxide reductase, A subunit, DmsA/YnfE	ABC19699.1	MAEDTKLWLKPISRRKFLTLSAAAAGGVAALTTLMWEKKAGAVASGATGATGETIIPTSCVHNCGGRCPLYAHVKDGVVTWFSPDQEGNDSPDFPQVRACLRGRSQRKRLYHPDRLKYPMKRVGKRGEGKFERISWDEALDTIARELQRIKSNYGNEAIYINYATGVYGQVSQSWITPAFGGALPRFLNMFGGYLGYYNTYSSACFSYAAPYTFGTVEGNSPDDLLNSKLIVLFADNPGETRLGGANGHYYLRLAKEKGARVIVVDPRYTDTAVTLADEWIPIRPTTDNALIDALAYVMINENLHDQAFLDKYCLGFDEEHMPPGIPPGNSYKSYVLGQGEDKTPKTPEWAEAITGVPRDTIIKLARQIASIKPCCLLQGFGWQRHAYGEQPVRGLPVLAAMTGNIGIRGGGPGLRNGGHGVVVGWMPAGQNPVKASIPCFMWPEAIERGHELTAADGVKGVDKLSTDIKMIWNYGGNTLINQHSDINKTAKILADEKKCEFILVHDVFMTPSARFADILLPDVTHFEREDIVTFASGIGYAIYHQKVVDPMYECRSLYDVCSELAKRLGFGDQYTEGKSEQDWLREAVNVARQKDPNFPSFEEFRRKGIYKIAPKDPIVAYEKQIKDPANNPFQTPSGKIEIFSTRLWAMNNPKEIPAIPKYIPAWEGPQDPLRAKYPLQCIGPHYKRRVHSTFDNVPWLEEASPQEMWINPRDAAERGLKDGDKARVFNDRGELIIPVKVTPRIMPGVVAIPQGAWWTPDSNGVDQRGCINTLTKYHPTPLAHGNPQHTNLVQVAKA	2Fe2S_3
Moth_1388	4Fe-4S ferredoxin, iron-sulfur binding protein	ABC19701.1	MAQLGFYYDMTACIGCKTCQVACKDKNNLEVGVLFRRVYTVEGGKFPHPWFYHISLGCNHCAQAPCVRNCPTGALYKREDGIVMQDRNKCIGCRYCVWSCPYGAPQYIASEGKVGKCNLCADLIDRGEQPACVAACMMRALDFGDIEELRRKYGGTADVKGLPDASITHPSITIQPADEARK	2Fe2S_2, 2Fe2S_3, 7Fe8S_1, 2x_4Fe4S_1
Moth_1389	Trimethylamine-N-oxide reductase (cytochrome c)	ABC19702.1	MSNLIEKAMEYKMTRRAFLKSTAVASAALTLSGCTNGLTRVSKAQAAKLASKEGQWLTAACWHNCGGRCLNKAYVVDGVVVRQKTDDTHPDTPDYPQQRGCARGRSQRKQAFGVDRLKYPMKRKHWEPGGGNKELRGRDEWVRISWEEALDIVASEIKRIKEKYGNRAIFVGGGNEISNILALYGGYVSHWGTTSWGSWRYAGDIIGLADGYYKFSHNDRFDLRNSQLIVLWGANPAWSSLGNPTYNYLQAKKAGAKFIFIDPIYTEAARVLGGEWIPIRPATDHAMLLGMAYTLIKEDDPVTNPLIDWDFLNRCTIGFDADHMPAGADPKENFKDYVLGTYDGVPKTPEWAAEICGVDPEKIRSLAREIATTKRVALLTGWAPARVHNSDSWPQMFMTLGCMTGHIGQPGRMTGVSCHQSASNGGPPLVVPGSNGLPSIKNPVADSINDSEIWDAILKGKYTAGYNDIREINIQMIYHGGGATLQTRDGMTKGIEAHRKVEFVVSHSQFLTTNSRYADVVLPVTTEWEREGGLLTGNREILIYYTRITEPLYEARDDQWIAIELAKRLGLDPRQAYPISPKQQLFNQLAGAKVMKEDGSGFEKLLTITAADIAAWGVQGAPQQGRITLQEFQEKGIYQVPRKPGDKLGFIALKDFREDPQGHPLKTATGKLEIYSQALAKMVKDKGWTQIRPIPTYNPPREGYEDTFADWAKKVKGDYPLQLITPHYLRRSHSVFDNIPWLREAFLNHAWMNPVDAVGRGIKEGDTILITSRHGKTLRPVHLSERIMPGVVACPHGAWVEMDEKTGIDKAGADNILCGAIPTGQGISGWNSCNVQVEKWTGAPLPPDDKWPLRIVF	2Fe2S_3
Moth_1408	Cobyrinic acid a,c-diamide synthase	ABC19721.1	MQELLVISGKGGTGKTSIVAALAALAADKVLADCDVDAADLHLLLRPEVESVNEFYGSNKAVIDAGICTGCGRCLEVCRYEAIKELRVNPVFCEGCGACKLACPSGAITMEPNLAGYWYISDTPYGPLVHAQLGIAEDNSGKLVTLVRQEARRLAQENNASLIITDGPPGIGCPVISSLAGVTLALVVTEPTVAGRHDLERVLSLASHFKVPVAVCINKYDLAPEKTREIEAYCHDAAITIAGKIPFDADVARALVNAVPLTACSRGAAARAVRALWDSLQIHLERL	2x_4Fe4S_1
Moth_1409	Cobyrinic acid a,c-diamide synthase	ABC19722.1	MLVAVASGKGGTGKTTIAVNLALALAEKIPVQVLDCDVEEPNAHLFLQPVFQDEEPVTLPVPEVDNARCDGCGRCSEACAFHALAVAGGRVITFPEMCHGCGACISACPQGALAEKPHRIGVVARGRAGRIDFVQGKIDVGVPLAPPVIRAVKKQARGEGLTLLDAPPGTSCPVVAAVKDCNFCLLVTEPTPFGLNDLRLAVGMVRELGIPFAVVINRSTLGDLRVERYCRHEGIPVLLKIPFNKRYAATYAQGKCLVQEYPEWAPAFAGLWREIERLVAQHAGIAGN	2Fe2S_2, 2Fe2S_3, 4Fe4S_1, 2x_4Fe4S_1
Moth_1410	4Fe-4S ferredoxin, iron-sulfur binding protein	ABC19723.1	MAARVDEDKCTGCGRCAEVCPAEAITLNEVAIVDPDECLECGACVDECPNEAISLD	2Fe2S_2, 2Fe2S_3, 4Fe4S_1, 2x_4Fe4S_1
Moth_1448	Ribonucleoside-triphosphate reductase, anaerobic-like protein	ABC19758.1	MIPIVIRGIQLTSLVDFPGEVCTTVFLGGCNFRCPWCHNADLVLRPSVLPEISPAEVLNLLIRRRSWVQAVCITGGEPTLAPGLEEFVRTLKSRGFKVKLDTNGSQPDVIARLLAGDLLDYVAMDVKAPPEKYDLLTGTGADLEAIKESIALIKNSRVAYEFRTTVVPGLLEEEDLLAIGQMLAGARHYVLQQFRPAGTLLNPGLRELLPYPETTLDHIAARLQPFLAEVEVKS	2Fe2S_1, 2Fe2S_3
Moth_1450	transcriptional regulator, MerR family	ABC19760.1	MTEQMLYPISVVAELLGIQPGTLRVWERHKLIQPARKNGRRLYSNNDLKRLRFIKRLIDKGFNLNSLKHYLAFYPCWLLEDCPSCSHKTERIGCAKPCWKEEGTYCLISFEDPSLCSKCPYKKQEKK	2Fe2S_1, 2Fe2S_3, 3Fe4S_1, 4Fe4S_1
Moth_1452	Protein of unknown function DUF224, cysteine-rich region	ABC19762.1	MPFSPAIEESLFPPLYQNLHEKITGALGEATLRSCLTCGVCSGGCPTGDIGAPVDPRKIVRLLLWGMEDKVLASDMIWLCTMCGRCTVYCPVGVNMGDLVRALRSHLAEEGRVPENLQKVVDLAVTSGNNMGISREDYLDTLDWMQEELQAEFGPRAEIPVDKKGARVMYVINPREAKFFPLSILAAAKVFYAASESWTLSSRSWDATNYALFSGDDKAGAILVQRLADEVERLGCQELIMTECGHAFRAIRWGPERWLGHKLPFPVRSIVQLMAEYLDAGRIRLDPSRNSEPVTYHDPCNLGRKEGIFEEPRRVLQAAVTDFREMTPNRENNYCCGGGGGMLSLSEFGQERLAKGKVKIEQIQRTGAGIVATPCHNCVDQLNDLCRHYHLNVKVKNLVELVADALVIAGKE	2Fe2S_2, 2Fe2S_3, 3Fe4S_1, 4Fe4S_1, 7Fe8S_1, 2x_4Fe4S_1
Moth_1453	4Fe-4S ferredoxin, iron-sulfur binding protein	ABC19763.1	MKKDALPVAVLGAGIAGVQAALDLSRLGYQVVLLERSSRPGGKLTALPKTFPTNDCSACVLSPPDSFFCIRSPHFIKQGSDNITLLTGVEVKKLTRNPGNFSLHFYREGREEELNAAALILCPGYEEYLPANLDARYGYGRYPGVLTGLELEQRLGAEGYLCRPGDNGPLQQVAFIQCAGSRDPAGGVAYCSAVCCMYALKEALMLYEGAAARKLPLPEITLFYMDLRTYGRAYESYLAKARQEYGLKLVRSRIHSIIQLPGNPRLTIRYAPEEGPARVAEFDLAVLATGLRPPDGARDLAAALGIELDTHGFCQTSPLAPVSTPQPGIFVAGAFSGPCDVIDAVTQGSAAATACAAWLKENGAGPVKSPLLPPSSGAVDPSPRTGVFICGCDRLAANLDLKGLEEYCRSLPGVDTVRELSLCDPQAGEEFLRAINENGLGRVVVAACSARALEPVLKARLDQAGLPGVGLKIVNILDHAARIYSGRVEMATRKAGDLVRMAIAGIKATAPYMNDAITVAPATLVIGGGAAGMTAALHLGDLGYEVHLVEKESQLGGNLLRMQRTLRGADVQAWLAGQIRRLMQHPRIHVHLDARILDTSGKPGSFQTEIEIAGERRESITHGVTILATGAGEKKTQQYLYGQHPAVVTALELEDLLKTRSPRPAGAQRVVFIQCVESRDAGHPYCSRTCCSETLKNALELKKINPAAAIYVLNRDIMAYGLQEQWYEAARSRGVVFLHYQPGEPPRVTPLAAGTGPEDKLLVRAYDAILEEEVTIEADLLVLATGMEPPAENRRLAALFRVPLDERGFFATSHPKLKPVETPVPGIYTCGLAAGPGNLEEALASAQAAAGKAAADLARERYELHRQVARVEGACAACLTCVRVCPHGAPAIKDHRSHIDPLLCQGCGACVAACPARAITLTGYSPTEIEAELQALSPEAGKVQSTVIFTCSYCAYANSENVGSTSCPDDVSILQVPCLSRVGTLEVLRAIEAGARQIVLTGCVAGQCHFRPARAFGSQGPGPDPMLCQEQAWRRARKILGELGFDEDTVKVLRLPPPTPGRGQPLI	2Fe2S_2, 2Fe2S_3, 4Fe4S_1, 7Fe8S_1, 2x_4Fe4S_1
Moth_1517	sulfide dehydrogenase (flavoprotein) subunit SudA	ABC19826.1	MPLIPKKTPMPSQEPRERIHNFNEVAQGYTREMALAEAQRCLQCKKAPCRQGCPVEVDIPAFIARLKEQDFDGAIAKIKEKNNLPAICGRVCPQENQCEKFCTLGKKHEPVAIGRLERFLADYQLAKGETASSEKAPPSGYKVAVIGSGPAGLTAAADLARMGHQVTVFEALHVPGGVLMYGIPEFRLPKRIVQQEIDTIRRLGVEIRTNAVVGKLTTVDELLENGYDAVFIGTGAGLPHFMGIPGENLLGVYSANEFLTRTNLMKAYLFPRYATPIKVGKRVAVIGAGNVAMDAARTALRLGAEESYIVYRRSAAEMPARKEEVEHAEEEGVQFRLLTSPVRIHGNDQGVVTGMTCQRFELGEPDASGRRRPVPIPGSEYDMAVDTVVIAIGQGPNPLVLRTTPGLKLTSKGTIAADEATGATSRKGVFAGGDIVTGAATVILAMGAGKAAARAIDAYLREK	2Fe2S_2, 4Fe4S_1
Moth_1593	2-oxoacid:acceptor oxidoreductase, delta subunit, pyruvate/2-ketoisovalerate	ABC19899.1	MSTKDLFAEPNLKQITVWARGVVMNKDARDIVVALTEAAAKEGKYVQAWENYVDLPDRIYVPVRAYARISSDPIESKYIYENETPDIVVLVEESLIKGVPILKGIRPGSTLVVNTKRSIDTILEFLGDTGNLAQIVTVDANSMAEAVMTLSGAEGATDATGIGAGIAAPIAGAVVKATGIVDVENLAAVVKNPAAMRRGYAEAQVRQLPPHEAVEEAAVSATELLRQMPFAGTVPSPVTENEGMVTGNWRIQRPIIDREACTECYTCWIYCPDSCITRTEEGPVFNMKYCKGCGLCTAVCPSGALTNVPELDFKD	2Fe2S_2, 2Fe2S_3, 4Fe4S_1, 7Fe8S_1, 2x_4Fe4S_1
Moth_1600	dissimilatory sulfite reductase beta subunit	ABC19906.1	MALSQGRLGKYNPEKPTENRITDIGPRHFWDFFPPVIQKNYGKWAYHDILEPGIMVHVSETGDKVFTVRCGGSRLMTAENIREICDIADKYCDGYVRFTTRNNIEFMVTSYEKVQELKKDLLSRKYISGSYKFPIGGTGAGVTNIVHTQGYIHCHTPATDASSMVKAVMDELMDYFTGMTLPAHVRISMACCLNMCGAVHCSDIALLGIHRKPPIVDDNIDSICEIPLAIAACPVGAISPAKTEDGRKSVKIKEDRCMFCGNCYTMCPALPLADKEGDGVTILAGGKISNRISEPKFSKVIVPWLPNNFPRFPEVVATVKKIIEVYAANARKYERIGDWAERIGWEKFFELCDLPFTEHLIDDYRLAYDTYRTSTQFKFTGKAWEVSRAAGGIDD	2Fe2S_3
Moth_1601	dissimilatory sulfite reductase alpha subunit	ABC19907.1	MEFKPKRPQKDLKYDELRIYTDEELHNYSEEELKNFKLKHDIPDLDELEKGPWPSFVADAKREALHRKKLADDRLMIDKDVVDDLLGQLQLSFDDGETHWKHGGIVGVFGYGGGVIGRYSDVPEKFPSVAQFHTLRVNQPASKFYKTDFLRALADLWEYRGSGMFNLHGSTGDIILLGTSTEQLEPIFYDLTHELDQDLGGSGSNLRTPSCCIGKARCEFACIDTQDLCYEITTHYQDELHRPAFPYKFKIKVDGCPNGCVASIARSDMSLIGTWRDDIRIDQEAVRAYMAGDIEPNGGAHKGRDWGKFDIQKEVIDLCPTGCMALEDGQLKINNKECNRCMHCINVMPRALKPGRDTGVSVLFGAKAPILEGAQLAVLTIPFMKAEAPYDNIKELVEKVWDWWMEEGKNRERLGELIQRKGLPKFLEVIGVPAAPQMVRHPRTNPYIFWKEEDVPGGWKRDINEYRQRHKR	2Fe2S_2, 2Fe2S_3, 3Fe4S_1, 4Fe4S_1
Moth_1604	putative sulfite reductase-associated electron transfer protein DsrO	ABC19910.1	METSRRNFLKLGGAWALGLAILPAVKGFAANNPEHLVNPKAMAGKRWGLVIDMQKCWPRYQAGCRRCFDTCRREHNIPDIGNKKEEIKWIWTEPYGDAFPDQQHELMAEDIKNNPFIVLCNHCDKPPCVRVCPTRATFKRQDGIVMIDYHRCIGCRYCMAACPYGARSFNFRDPRPYIKELNPAYPTREKGVVEKCTLCVERIDTGLPPACVEVCPAKAITFGDLEDPSSEARQLLKNRYTIQRKPELGTHPSIYYIV	2Fe2S_2, 2Fe2S_3, 7Fe8S_1, 2x_4Fe4S_1
Moth_1606	putative sulfite reductase-associated electron transfer protein DsrK	ABC19912.1	MAAIPKPEELVKINYRPPRTGWMDTPVQFRRGNYLYAAKPKSLEVVGLPNPREWSPEDEDWKLPENWQEIILEGLRERLGRFRSLQVFMDICVRCGACADKCHFFIGTGDPKNMPVLRAELLRSVYRRDFTTAGKLLGRLVGARDLTVDVLKEWFYYFFQCTECRRCSLFCPYGIDTAEITMIGRELLNLVGCNIDWIASPVANCYRTGNHVGIEPHAFKDMVEFCVDEIENITGIRVEPTFNRKGAEVLFIAPSGDVFADPGTYTLMGYLMLFHEIGLDYTWSTYASEGGNFGMFTSHEMMKRLNAKMYAEAKRLGVKWILGGECGHMWRVINQYMDTMNGPADFLEVPVSPITGTRFENAKSTKMVHITEFTADLIKHNKLKLDPSRNDNLRVTFHDSCNPARSMGLFEEPRYIIKHVCNNFFEMPENTIREKTFCCGSGAGLNADEYMEMRMRGGLPRANAVKYVHEKYGVNMLACICAVDRAVFPALMEYWVPGVGVTGVHELVGNALVMKGEKERTTNLRGEPLPGKEGAVDGDVS	2Fe2S_3
Moth_1629	dissimilatory sulfite reductase beta subunit	ABC19931.1	MKNDLPAGIMPDYRQQIPPELLACRGKWVRHEMVRPGVIRHLAGDGTAILTVRILLPPNGLLSAATLRQLARWIRVYALTGRRTSRQGFEFVGVRPELLDNFLAELAASGFPAGGTGNSLHQIKCCTSFIHCQNAAVDAPSIAKTLADYLYPAFFHQDLPAPLKISVTGCPNQCGGGVEADIGISGYFATVPRVDDAGLMAANIDFGHLISGCPVGAIRPRQVEGGTTVVINAERCIRCTSCIQVAPEGIKPGPERFVAIAVGGHGGNNRRGPEMAAVVFSRVPARPLDYAAICERVQRIIACWRDRGKRGERLAGFLERLGWPAFLKAVGASPVADIFDNHFPFAGLRRDLHLR	2Fe2S_2, 3Fe4S_1
Moth_1630	dissimilatory sulfite reductase alpha subunit	ABC19932.1	MYEAGLAEGESAYGHGGYISVPELPAGVAVRNSRRPDIIQESSYLRILAPAGGWLAAATLEKLADCAETYGRGLVHLTSGGTIEIYTGREQMLPLVRELNSGGLDVGSTGDDLRCLTACCGPVRCEHALVDAPALATYLGQRFIDDQQYPGYPQKVKSAVAGCPNDCIRAMMQKDHSFIGVYRDWPMVDGEMLAAWREKGGDLNGLLAACPAGALTLVGDTLEVDKERCWRCMACINYCPAIRPGRERGVAWVAGGKYGHRGPQGPMVGFVLVPFIPVADDDYTAVGDIFGAFLEFWADNAKKKERVGDFIARVGPLKILRELGLEAQPQILLSPKRNVY	2Fe2S_2, 3Fe4S_1
Moth_1641	Aldo/keto reductase	ABC19943.1	MQYTTLGTSGIRVSRLCFGSLTMGPLQAGLTIKEGAGLIRRALELGVNFIDTAQCYNNYPYIRAALKGWSGEVVVATKSYDYTAEGMALSLEEARREMDREVIDIFLLHEQETALTLAGHRPALDYLLEARERGLVRAVGISSHAVEAVRVAATMPEIDVIHPLYNRAGLGILDGTREEMLAAITLAHTRGKGIYAMKALGGGHLAGEARAALEFVLKTPGIDAVAVGMQSPAEVEANVAWCSGREPGEDVLSRLQARKRCLLIEEWCQGCGNCVRRCPQGALEVIEGRAVVDPERCILCGYCAGACRDFCIKVI	2Fe2S_2, 2Fe2S_3, 2x_4Fe4S_1, Alv_2x_4Fe4S_1
Moth_1664	tyrosine lyase ThiH	ABC19966.1	MGFYDVYKQYEGFDFEGFFQSRTPDDVRKALAKEHLEVTDYLTLLSPAAGNFLEEMAQKAHRITLRNFGRVIFLFTPLYLSDYCVNQCAYCSFNARNKFARTKLTLEQVEEEARAIAQTGMKDILILTGESRQHNPVSYIKDCVGVLKKYFCSICIEVYPLEEEEYRELVAAGVDGLTMFQEVYDPGVYARYHNGPKKNYHYRLDAPERSCRAGMRTVGVGALLGLADWRKEAFFTGLHADYLQQKFWDVQVSISLPRFRPSIGGFQPDYPVDDKSFVQILLAHRLFLPRVGITISTRESPEFRDNILPLGVTKISAGSSVTVGGYARPDGMAPQFEISDPRSVAEIKQMLIQKGYQPVFEDWQQWDSLEKQLYNF	2Fe2S_1
Moth_1713	sigma54 specific transcriptional regulator, Fis family	ABC20015.1	MREIVKTITGKCRMCYACIRNCPVKAIKVVDGQARVVPELCIACGHCVQVCAQGAKLVEREIDKVEEFLAAGRVIACLAPSFVAEFHPAWPGQVVAALRKLGFDEVYEVAYGAHLVTLEYQKYLQEAGDRQGLISTPCPAIVNLVTKYYPRLLPQLVPVVSPMIALGRYLKARKGPDVRLVFIGPCVAKKGEAREEEVAGAIDAVLTFLELKEMLVAREIDINLCGNSDFDNDPAYLGRLYPVGGGLLRSAGIDADILTNQVLVVEGREDCLDFLKAVNEGKMVPQMADMLFCKGCINGPMQENDFSPYRRRKIVAEFTRQGLQNTRPQPLDLTGINLRREFHDQSVFFPRPSEADIRAILAELGKYTPEDELNCGACGYPSCREKAVAVYHGLAENRMCLPYFIAQLEKSNFHLRQELKAFQGKFGQLVGNSAAMQEVYRLIEKVAKTDATVLIRGESGTGKELVARAIHYHSRRSEAPFVSINCAALPETLLESELFGHARGAFTGAVTAKKGLFEEANEGTIFLDEIGDISLGLQSKLLRVLQEGEFLRVGETRPTRVNVRVLAATNRDLEKAVKDGAFRPELLYRLNVITIWLPPLRERRDDIPLLARHFLEKSCQRLGKEVNGFTHEAMDALIRADWPGNVRELENVIERAVILTESKRIELGDLPRQFRNMAAGASGWAFTRGMSFKEAVAAYESRLILQALEESQGVQARAAEILGLKRSTLNEMIKRYNLMGRKNGGTNK	2Fe2S_2, 2Fe2S_3, 2x_4Fe4S_1
Moth_1717	NAD(P)-dependent iron-only hydrogenase catalytic subunit	ABC20019.1	MSTVKLTIDNIPVEVEAGTTILKAAEEAGIHIPTLCYLEGINEIGACRVCVVEVEGARNLMASCVAPVAEGMVVKTNSPRVRMARRLNVELLLSNHEMECPTCIRNLNCELQSLARGLGIRQVRFKGKKSEHPVDDSTPALVREPDKCILCRRCVAVCEKVQGVMAIAPLGRGFDTVIAPAFQEKLVDIACVECGQCTLVCPVGALYEKDYTSEVWAALADPEKFVVVQTAPATRVSIGQEFGLAPGSINTGQMVAALRRLGFDRVFDTDFSADLTIMEEGSEFIERFTKDGPLPLITSCSPGWIKFMEHFYPELIPNVSTCKSPQQMFGAVAKTYYARKAGVDPARMVVVSIMPCTAKKFECQRPEMRDSGYQDVDYVLTTRELARMIREAGIDFKNLPEEQYDDPLGESTGAGVIFGATGGVMEAALRTAYELITGETLPALDFYDIRGLKGIKEATVDIKGTKVRVAVAHSLGHARQLLERVKAGEQYHFIEIMCCPGGCIGGGGQPIPTNTEIREQRIKGIYQVDMEMPIRKSHENPSVQALYREFLGKPLSEKSHHLLHTEYTRRGKY	2Fe2S_2, 2Fe2S_3, 3Fe4S_1, 4Fe4S_1, 2x_4Fe4S_1
Moth_1718	NAD(P)-dependent iron-only hydrogenase diaphorase component flavoprotein	ABC20020.1	MIKSMEELQKFKESQLEAMQSQEAGAKAKIVVGMGTCGIAAGAREVMNAILDEVAKRQLTGVTVSQTSCIGLCAQEPLVDVILPGQPKVTYGKVDAAKAREIVGRHVVDGHIVTEWVVNRQGDAVRPYTELPFFKHQVRIALRNCGLIDPESIGEYIAHDGYQALSKVLTTMKPYEVIETIKKSGLRGRGGGGFPTGLKWEFAYRSPGPVKYFVCNADEGDPGAFMDRSILEGDPHAVLEGMAIGAYAIGASQGYIYVRAEYPVAVQRLKLAISQAREQGLLGKNLFNSGFDFDIDIRLGAGAFVCGEETALLASIEGRRGEPRPRPPFPAVSGLWGKPTVINNVETLANIPTIIRQGWEWFAGIGTEKSKGTKVFALAGKINNNGLVEIPMGTSLRQVIYEIGGGIPGGKKFKAAQTGGPSGGCIPAEHLDAPIDYENLTALGTIMGSGGLIIMDEDTCMVDVAKFFMDFVKDESCGKCTPCRIGTTRMLEILNRITRGQGEEKDLDLLVELARQIKDTALCGLGQTAPNPVLSTITYFRDEYLAHIRDHRCPAHVCQELLSYVIDAGKCTGCGACSRVCPVGAISGGKKEAHQIDPAACIKCGSCYEKCRFGAITRE	2Fe2S_2, 2Fe2S_3, 2x_4Fe4S_1
Moth_1719	NADH dehydrogenase subunit E	ABC20021.1	METCQCEAKWEELEKIIDAHRGQPSALIEVLHQSQELVGYLPRNVQVAIADGLGLSLSQVYSVVSFYNHFTTKPKGKYQVSVCMGTACFVKGAPAILERLEQELGTKVGDTTADGRFTINQVRCLGCCALGPVMTVNQKAHGRLTPDTALEILKEYQ	2Fe2S_2, 2Fe2S_3
Moth_1734	iron-only hydrogenase maturation protein HydG	ABC20035.1	MQHGYRADFINHEEIEGYLEEAKRATRDVAVRIIEKAREAKGLEPYEVAVLLQNDDADVRRRMFTAAREIKEKIYGQRIVLFAPLYFSDYCINNCRYCGYRRENKFERRRLEPEELEREVRILESLGHKRLALEAGEDPVHCPLEYTLDVINRIYRITEANGSIRRVNVNIAATTVDAYRQLKAAGIGTYVLFQETYHRPTYAYMHPGGPKADYDWHTTAMDRAMEGGIDDVGLGVLFGLYDYKFEVMGLLYHARHLEETFGVGPHTISVPRLRPAYNITLEKFPYLVDDEDFKKLVAIIRLAVPYTGMIISTRETAELRAELLELGVSQISAGSCTGVGGYGRHYADQEDDIPQFEIGDHRHPDEVIGDLCRRGYLPSYCTACYRRGRTGDRFMSLAKTGEIQHCCQPNAILTFKEYLLDYARPATREVGETTIREHLARIPSPAIRAETERRLERIAAGERDLYF	2Fe2S_1, 4Fe4S_1
Moth_1735	iron-only hydrogenase maturation protein HydE	ABC20036.1	MRPEFAASWQRAAAGEELDREDIVNLLAATPGEEEEALYRLADGVRARMAGDEVHLRGVIEFSNYCRRRCCYCGLRADNARLHRYRLMPEDIVAVARQGVELGYGTIVLQSGEDPWYTAPVLAGIVREIKEMGVAVTLCVGERSREEYALWREAGADRYLLKHETANEELYARLHPGMSWQERLQCLQWLRELGYQVGSGNIIGLPGQTLADLADDLLLLRQLDVEMAGLGPFIPHPATPLAGEPAGSLELTYRVVATARLVIPFAHLPATTAVGTLAPNGRQKALQRGANVIMPNLTPTRYRADYQIYPNKICINEGPEDCRYCLEGMVRALGRRLGRGPGHTLKPIPA	2Fe2S_1
Moth_1742	conserved hypothetical protein	ABC20043.1	MSYRVGIPRGLSYYYLFPFMQGFLTALGVEVVVSPPTDAVTLAAMNACPTDEPCVSVKLYFAHAKRLVESGVDYLFIPVLSSVEKDNYCCPKLIGAAAMIRNGLGLAPEQVLAPEWNEREKPGAWRENLLEIAARLGAGPERAAAAIRAGLEKQAACERMARQGLTLPLVYHRLCGTEKPRRQQFDPEARYDEGETIAVLGHPYLLYDGAGHQIVERLAEYARVITPEMVPPEDYRPEVATIFEGTRMWAYEARILGAGFSLLRKGQVTKMVLVEAFECGPASVIESYLEAEAERFGVPFLLLTVDEHTGEAGLVTRLEAFVDTSGSRPVNPAGKKQAFFFPASRGGELKVGAPGMGLLDIALEAVLQECRVEMVPTPPVTKRTVELGKELAPEFICYPLVTTLGQIREVLEQGANTIVMVGGKGRCRLGWYAQVQELLLKRLGRDFHLVIIDSPLPWRERWPAFRQALKEITNNAPLWRIIQGIYLGYHKMAALDQGEAMVRRKRAYESQRGAADKAWRRFVGRVKTAAGVRSVKRVFNEFREELAAIPEVPASPLRVKIIGEIYTVLEGFVNQEIEQFLASREDLRVEVVREITATQWFNLNVLHRRYEVERHRAIVTAAAPYLDVSVGGHGQESVGEAVLAAREGYDGVIQLLPFTCMPEIVAQNILVPLSEKLDLPFLSLIINEQNGTAGWETRLEAFLEVLAERREKLAAPGGEKHGVLFGY	2Fe2S_3, 3Fe4S_1
Moth_1774	4Fe-4S ferredoxin, iron-sulfur binding protein	ABC20075.1	MKLVTLLAQVDTDKCKGCRTCERVCPVLAIKVVNRKAVVDPERCRGCANCEQRCPDYAVTMVKRDKPLQVGVDVNEVNYDEVVALCAKAKLHPEQRICYCVGTRADEVAAAIIKGARTPEEISLVTGARTGCTIECIQPILRLLEAAGCELKPPEGGWQWYGRTATAWDLPEAVKQKYASRGFYFEEDRAVLDKLVEEGIKGGDA	2Fe2S_2, 2Fe2S_3, 4Fe4S_1, 7Fe8S_1, 2x_4Fe4S_1
Moth_1786	Radical SAM	ABC20087.1	MNLAATYVGEKVLEQGVKLILNNPEKNIPRLITLAEKLARDPYHREMVANVKKVLENKEGNWYQFARRLLTTTHPNIRQRLAMDFFVNSTFIGVPRQKEWAAKLGVAVPWAILMDPTEKCNLHCRGCWAGDYQRARELDFATMDRVVTEGEKLGINFIVLSGGEPMMRRGDIVRLAEKHPDQVFHLFTNGTLIDRAFVDDMVRLGNITVALSLEGFEEKTDARRGKGVFARVMQAMDLMREAGAVYGVSVTYSRNNTEELGSEEFVDMLVEKGVAFGWYFTYIPIGKDVDLEMMATPEQRAWMFDRIQYFRQTKPIFLVDFWNDGEASNGCIAGGRRYFHINAAGEVEPCAFVHYSTCNINHISLVEALQNPLFRAYQKRQPFNTNLRRPCPLIDNPEMLREMVAEAGARSTQLHADETAEEFAAKLAPYARDWGAIADRIWNEAGKAGKTAAGDRCCQAH	2Fe2S_3
Moth_1832	4Fe-4S ferredoxin, iron-sulfur binding protein	ABC20132.1	MKVTVDQDLCIACGTCIDLCPSVFDWDDEGLSHVIVDEVPEGAEDCARESVNSCPTEAIKEV	2Fe2S_3, 3Fe4S_1, 4Fe4S_1
Moth_1846	conserved hypothetical protein	ABC20146.1	MPTTTAEFIRRELSRGELADIAARVYAGERLTREDGIRLWESQDLLGIGYLADLARQRTCGDTVYFINNAHINYTNICQNLCDLCAFGRQTGTPGAYTLTLAEIEAKARAAAAAGVTEIHIVGGLNPELPYDYYLELIRTVRRAAPGACIQAFDAVEIDFIASRAGRPVADVLQELRQAGLDSLPGGGAEVFAPEVRRRLCAKKIDGQRWLQIHETAHRLGIPTNATMLYGHLETAADRVDHLLALRELQDRTGGFLAFIPLAFHPANTAFSNLPGTTGVDDLKMLAISRLLLDNFRHIKAFWIMIGPKLAQVALHFGVNDLDGTVREEHIFHDAGAETPQYQPAESFLQSIRAAGRIPVERDTLYREIRRYA	2Fe2S_1
Moth_1883	Ferredoxin hydrogenase	ABC20183.1	MIYIDRDLCTGCRRCAEICPTGAIEGNQGEPQIINREICVNCGQCVQICSAYASPYTTSPETMAAKNRERRLLPAAAPEPLFAAYNESHEELVREALARPDLFNAVQFAPAIRFALAEDFGLSPQVVTVGRIVAALRRLGFKYVYDTNFAADLTVMEEGYELLQRLQGDGALPLFSSCCPAWVKFVEQAYPQLIANLSTCKSPQQMAGAIFKTYTGQLDPDLRSRHLFVTAVMPCIAKKFECNRPELGGSYGRDVDAVLTTRELAHLIKDKGIDWHSLAEEEPDQPLGEYSGAGAIFGVTGGVTEAVLRTAAEVVGGKPLEEIEFHEVRGMAGTRKVNINLGKEQLEIIIVAGLKNVVPILDDLIAGKASFHFMEVMACPAGCLSGGGQPKILVETYRGSIYRQRAASIYNHDRDLPVRKAHENPAIKQLYADFLGQPLGELSHALLHTHYTVRRSEENV	2Fe2S_2, 2Fe2S_3, 2x_4Fe4S_1
Moth_1884	4Fe-4S ferredoxin, iron-sulfur binding protein	ABC20184.1	MFNSLILADPRNCTGCKACEVACAIAHMEKPVLTAGMVTEPLYSRVFVVKSGGASLSVRCRHCEDAPCARACPVGAITQKNNVVLINSDRCIGCKTCAIVCPFGSIELVYREKEHKVVAHKCDLCEGRPGGPACVEACSSRALSLLDGNSLRNLIQNHRLASVQDLMNWVHIHQSA	2Fe2S_2, 2Fe2S_3, 7Fe8S_1, 2x_4Fe4S_1
Moth_1885	4Fe-4S ferredoxin, iron-sulfur binding protein	ABC20185.1	MIATAALILDPEKCVRCEICTRLCGTGALKGESDGEALILRFLPELCPRECRTCIDKCPVWALSRGPGQQKKEWHLKYPQCRICGRPSLPYLPLAGGTGTPGPAEALCPTCRRELGAQKLEEAAPGTPQPAGK	2Fe2S_1, 2Fe2S_2, 2Fe2S_3, 3Fe4S_1, 4Fe4S_1
Moth_1886	NADH dehydrogenase subunit E	ABC20186.1	MGSRREVQPMPAETIKQIVARYQEEKGALIPVLQATQEALGYLPPEALKEIAAAMDLPLSTVYSVVTFYAQFHLQPRGRHVIHVCQGTACHIRGGNRILNRIKELLQIDAGETTPDLRFTLEPVACLGACALAPVMSISGDTYGHLKPDMIAGILEKYQ	2Fe2S_2, 2Fe2S_3
Moth_1887	NADH dehydrogenase (quinone)	ABC20187.1	MGRILVCAGTGCVASHSRQVTARLKAALHAHHLEERFQVDNTGCHGFCEQGPLVIIEPEGILYCRVREEDVEAIVTEHLEQGRLVERLLYQDPVTKEKIAAYNQIKFYRQQSRHVLKNCGHINPENIDAYLAVEGYQGLKKALALPREEVINIIKESGLRGRGGAGFPTGLKWEYTFKAPGDRKYVVCNADEGDPGAFMDRSVLEGDPHAVLEGMLIAAYAIGAREGYIYVRAEYPLAVQRLRIALAQARERGFCGERILGTDFSCELYIREGAGAFVCGEETALLASIQGERGMPRPRPPFPARQGLWGQPTNINNVETYANVPLILRRGAGWYASLGTEKSKGTKIFALTGKVKNTGLVEVPMGITLREIIFNIGGGILEDRGFKAVQIGGPSGGCLPAEHLDLPVDYDSLTAAGAMMGSGGLVVMDDSTCMVEVARFFLNFTQAESCGKCTPCREGIQQMLAILTRITRGQGREGDLEQLERLARVIKGTALCGLGQTAPNPVLSTLRYFRAEYEAHIRDHRCPAKSCRELLTYHIDPDKCNGCTRCRRRCPAGAISGEAREPHTIDLELCARCGTCLDLCRQKAIYVE	2Fe2S_2, 2Fe2S_3, 2x_4Fe4S_1
Moth_1888	Ferredoxin	ABC20188.1	MPGVSLTINDKKVRVPAGTTILEAARELNITIPTLCHDKRLSPFGACRLCVVEVRGRKNLPAACVTPVEEGMTVLTESPAVVEARRTIIELLLANHPLDCLTCEKSGNCRLQDYAYRYGVKRTPFEGTRDQLPLDDNNPFIIRDPNKCILCGKCVRACQEIRGQAVLGFAFRGPATRVVPPLDVSLGESDCVFCQNCVAVCPTGALRDKYLAGKGRWWEFQPEAVTCPFCANGCHFYLLRKEGKVVAVAAGGAAPGRPMCLRGRLALTLIFCEEPPQPQIKTEKGFAAVSWTEALGLEELAGKLWPK	2Fe2S_2, 2Fe2S_3, 3Fe4S_1, 4Fe4S_1, 2x_4Fe4S_1
Moth_1889	sigma54 specific transcriptional regulator with PAS sensor, Fis family	ABC20189.1	MGGIVNTATGRCRQCYSCVRNCPVKAIRINKGQAEVIAERCISCGMCLAFCSQGAKQVAGSQAAVLAALKEHQEMVACLAPSFPAAFPGWTAGQVAGALKKLGFARVWEVAVGALLVAREYQRVLKQRNTPAISTACYAVVNLVERHFPSLIPYLLPVVSPSIALGRLLKKHLGPVKVAFIGPCIAKKEEILDPEVAGAVDYVLTFAEIKELLAVEHLEHPGVAAALDSPPVAVSRLFPLPGGLSRSMGAIPDIADQDLLLVEGKEGVLAALEGLARGEIRPRLIDALFCEGCVMGPGMGVVVNQVKRKELVAAYYRRCQEAREPEILAPDLARSFHNKQSSLPLPGEEDIKRILRLTNKFTPADELNCGACGYHSCREKAIAVYQGLAEIDMCLPYLLEQKSDLLSRAASNLMHFVNLYKSPGDRPGPGVMELLQERNIIVASPRMLRVLYLAERVARVDSTVLILGESGVGKEVVARLIHALSERGKGPFVKINCGAIPENLLESELFGYERGAFTGANREGKMGQLELGEGGTVFLDEIAELPLKLQVKLLQVLQEQRLVRVGGIREIKLNIRIISATNKNLLQMVREGTFREDLYYRLNVIPLTIPPLRERPEDIEALIDHFMDRLNRRYKQEKRISRRARRYLLAYPWPGNVRELHNVIEQLFVLVEGTEILPEHLPYYIRDDPARYSSHMLVKDIIPMKEAIEEVEKQLLLKALEKYRSTYQVAEKLGVNQSTVVRKIKKYGLEHQ	2Fe2S_2, 2Fe2S_3, 2x_4Fe4S_1
Moth_1890	4Fe-4S ferredoxin, iron-sulfur binding protein	ABC20190.1	MKRKIVHIDDEKCTGCGLCVTPCAEGAIEIVNGKARVLREELCDGAGVCLNVCPTGALTIEEREAPAFDPAAAAANLAAKRNKGEAPRCVRCGAGEGEAVLLFARHRGESTWVCTRCLPVLIHG	2Fe2S_2, 2Fe2S_3, 4Fe4S_1
Moth_1904	4Fe-4S ferredoxin, iron-sulfur binding protein	ABC20204.1	MKRKHSLQHWRLGVQILAFLLFVYLLISGKNKLWMLIMMTFLLITPFWGRLYCGWLCPLNTLLRPVNWLVSKKARRLARDIPPVGKSPWLRAVIFILFLLVFFMTLRGIIKINLIVLLAPFAILTTLFFTGAAWHRYLCPFGVLFSLPAGVSRWRFHINPDRCLACGRCRRVCPAGAIATNEAPGKSYRILPRYCLFCFACLEVCPRSSIELTAARPASSRENMTRNL	2Fe2S_2, 2Fe2S_3, 3Fe4S_1, 4Fe4S_1, 7Fe8S_1, 2x_4Fe4S_1
Moth_1907	4Fe-4S ferredoxin, iron-sulfur binding protein	ABC20207.1	MRLGMVIDLDRCIGCRTCAVVCKGHNSQPPGMWWNRVFTPGSPEHQLPVAQNGEVEMYFLPVSCQMCENAPCEKVCPVGATYTDDRGRVLVDYERCIGCRYCMAACPYGVRQFNWEDQQKAKAKAGYMPGYDYGYPFEHRDGNGRLVYTPDRPKGIVEKCTFCVQYTDKGELPVCVQACPAGARFFGDLDEPRSEVSRLVRERQALRLKEELGTKPKVYYLPPTRPRK	2Fe2S_2, 2Fe2S_3, 7Fe8S_1, 2x_4Fe4S_1
Moth_1908	respiratory nitrate reductase alpha subunit apoprotein	ABC20208.1	MGCRKRVPECTVEVTSKVMKDKNEKQGFKLSRRQFLKASAATAVLAGTAGATRYFIPKAGAENTSPLKEVKYVRTTCSPNCTLACGIRAMVVDGQIKALLPSNDYPEPEYGPRGCLRGLSFINLIYGPDRIKKPLIRTGERGAGEFREVSWEEALDYTAKRLKEIAAKYGPESIGFIFQVGGTGHVQKGAWIALATMAGWSLIHPYDQNGDLPMFWPQTFGVQTEELEPLEWLNSRYTAIFGSNIMVTRLIDADFLIKARNNGTKVVVFDPNYSPTAAKADEWVQLKPSSDAALALGMARVIIEEKLYDEAFIKTYSDMPLLVRLDNGRRLKADEVKGLARPDGLPPYREAFVAYNGKLLAVHPEKLELPPDVILEGEIEVELKDGRLVRVKPVFQLLKEHLASYTPAYVEQETGVPGDTVVRLAREMATTKPLHVIYGASNYQWYHGDLKGRALALLPVLTGNIGKPGAGISTYAGQYKIRFNVKEWWFPGSPRWLPWLYILHGPTPGMKARWPKNGVKALIFGWGNPFDQHNMADRLRQMAIKGELEFIAGLDFSLTTSCRYSDVVFPAATWYEKTELVTTPLHPYMQLQQPAIRPLYEARSELWMAKELAKRLDPGFAKHFFPELDENTAAEKAVELLLATGGPPVAGITLEQLKKGPVRLKSEVPGNRQIPFYEQVQFKKPFPPVSRPAAIEATAQFVKSGRIEFYKDEDAFIALGETLPVHKPPFEDSEYALNPEIKGKYQFAYITRNSLYRVHSTHSNNLWMNELQDNKPKVFLNPQDAAAKGIKEGDLVEVYNDRGRVRGYAALDPGLGRKIVVFEQGWWSRYLNGDSYNSLTYPFIKPTHEVYFVPGIWAPNTAWNEALCDVRKAGEV	2Fe2S_3
Moth_1912	23S rRNA m(5)U-1939 methyltransferase	ABC20212.1	MDSAITIIGLNHEGAGIGHLQDGRVIFVPGALPGEQVLVEVVSVKRNYARGRLVEVVEASPDRVLPPCPEAASCGGCDLQHLDYRAQLHWKRRLVIDALQRLGHLRDIPVLPVLGMANPWGYRNKVRLHVRRGRLGFYRPGSHELAPFSCCPLLPPGLLKAARAIVRLLPELPPGLQHVTLRQGLATGELLVVLEALPGWQGDRELAEKLAGRFPELVGVVSLAGGGRSRSGPKDFAGEPALECSGWVKTGGKEARRARYQEGFVPRRLGGRPFTLYGRDYLEERLGDLRFYISATTFFQVNSAQAEVLYNKAATFAGLQGGEEVLDAYCGSGAIALWLSRQAGRVEGVEVVPEAIVDARRNSILNNLANVHFRTGAAEAVLPRLAGKGYRPEVIILDPPRAGCDRRVLAAVATMEPRRVVYISCNPSTLARDLAHLREAGFKPGPVQPVDMFPHTHHVECCCFLVKERNNSR	2Fe2S_1
Moth_1923	2-oxoacid:acceptor oxidoreductase, delta subunit, pyruvate/2-ketoisovalerate	ABC20223.1	MLREEELKKGPNLYTPFLGTTTGSWRLLRPVLDRERCNNCLACWLFCPEGCFRRGEEAVTLNLDFCKGCGICVTECPRQALALVEEGSNDARLLER	2Fe2S_2, 2Fe2S_3, 4Fe4S_1, 7Fe8S_1, 2x_4Fe4S_1
Moth_1949	FAD dependent oxidoreductase	ABC20247.1	MSGAMRPIPFKKLLDWILEENRKFHSIFGLPQEKFYRAQPGVYWQLFGEYLENVIGPAAGPHTQLAQNIVAAYLAGGRFFELKTVQVLDRLDIPKPCINAADEGYNVEWSTELAIEEAFEEYVKAWFLLHVLQKELWGTDRRGFMFNMSVGYDLKGIKSPKVDRFIESLKDASKTAIFQECRAVLQAEVDRFTAVDAEFIDGISPHICSSVTLSTMHGCPPAEIETICRYLLAEKRLHTFVKLNPTLLGYKFVKDTLAGMGYSYVQLKEESFSHDLQYTDGVALIGRLQEFAREQGRGFGVKLSNTLPVQVTRGELPGEEMYLSGRALYPLTLNLAARLAQEFNGHLRISYAGGGDAFNLPRLFATGIWPLTVATTLLKPGGYLRLQQIAAELATRMPDTAGEVIDVAQLAGLAAGVTRDPDFRKEKRGVASRKLTRKLPLTDCFLAPCTAGCPIGQDIPEYIRLVGEKRYREAYELIIEKNPLPFITGSICTQHCAAKCTRLDYDEPVRIREMKKEAAVKGYRASRPRCGPAQGKASARVAVIGAGPAGLAAGYFLARAGLGVTIFDKKGKPGGTVTHVIPDFRLSEDAIARDLELVKGTGVEFKLGVSPDFNVAELKRAGYKYVFLAPGAGASRPLELRTGGERVMGAVEFLAKFKEDRQKVRLGKRVAVIGGGNTAMDAARAALRVPGVEKVTIIYRRTREYMPASREELREALAEGVVLKELLAPYSWSEGVLRCQQMELEAPDASGRPGVAVKAGELVDIPADAVLAAIGQDVDYGLLEKNGIAIDEGGRIVVDPATNETSVANVFIGGDALRGPATIVEAIADGRKAARAILTREGLTPPVPGAVPFDREWRLREVNQKKGNLAGAAGDPGLEPQRCLECGFVCNICTEVCPNRANIAIQTRNGGFRDQNQIVHVDGMCNECGNCATFCPYDGAPYRDKLTLFWKEEDFAGSQNNGFLLLAGGAELVFKVRLNGRVQEVKFDPAGKANVDLEQGVLDLILAVYKGYRYLF	2Fe2S_1, 2Fe2S_2, 2Fe2S_3, 4Fe4S_1, 7Fe8S_1, 2x_4Fe4S_1
Moth_1958	(2Fe-2S)-binding protein	ABC20256.1	MLKKISFTVNDTPVTLEVDAGETLLEVLRNRLGYTGVKKGCGVGECGACTVLIDGTPVDSCIYLAVWAEGKKIITIEGIAKNGELSRVQKAFIEEGAIQCGFCTPGYVLTATALVESGKKYSREEIKRELAGHLCRCTGYQNILRAVEKALND	2Fe2S_1
Moth_1960	xanthine dehydrogenase, molybdenum binding subunit apoprotein	ABC20258.1	MASTAVGKSVTRVDAVAKVTGQAKYTGDFMFRDMLVGKVLRSPYAHAIVKNIDVSQARALPGVEGVLTYKDVPRNKFPTAGHPYSLDPAHGDKADRTILTDKARFVGDAIAAVIARDELTAAEALKLIKVEYEVLEPLLTPEAAMREGAPLIHEDCPGNILSASGYAIGDVDEAFKEADYIFEDELETSIVQHCQLENHISCAYVDSDGRIVIITSTQIPHIVRRIVGQALGIPWGRIRVIKPYVGGGFGSKQDVCTEPLAAAMTLAVGGRPVKLELSREECMIATRTRHAFKFKIKTGVSRDGRLIGMHIKAISNTGAYASHGHSIAMAGGSKFRILYPMKALKYEPFTVYTNLPVAGAMRGYGSPQITFAVESHLDNIASKLNIDPIEFRLKNLVKEGYVDPLNGNAVRSCGIRECIARGKELIKWDEKKARYKNQTGSRRRGLGMACFSYGSGTYPVGLEIGGARIVLNQDGSVQLQVGATEIGQGSDTVFAQMVAEVLGIPVDMVHVLSTQDTDISPFDTGAYASRQTYITGMAVARAAAEVKEKILDFAWGMTDIPAHALDIKDANIVYKHSGEVVMPLAEVALHTYYDTVFAKPITSDTSNNARVNAFVFGVTFAEVEVDLKTGRIEVLEIYNVHDSGRIINRQLAAAQVHGGVGMGIGYALSEQLLFDEKTGQPLNNNLLDYKLPTIMDIPAIGVDFVETFEPTSPFGCKALGEPPIIPVAPAIRNAVFDATGVAFDRLPMNPQRVFEKFKEAGLI	2Fe2S_3
Moth_1961	purine hydroxylase delta subunit apoprotein	ABC20259.1	MPGFKLKVNGREYQVEAPADITLLELLREYLGLTGTKEGCGKGECGACTVLLDGQAVNSCLIPAAKAEGAEVLTIEGLASPDGKLHPLQEAFITEGAVQCGFCTPGMILSAKALLDSNPRPGREEIKMALSGNLCRCTGYAKIIAAVEKAAAVMAAAGRKN	2Fe2S_1
Moth_1969	Nitrite and sulphite reductase 4Fe-4S region	ABC20267.1	MTNDYKDIDFNQLKKGGFIRQQGPDLFIMRLRSIGGHLTSRDLENIARLARKYGRGEVHLTTRQGVEIPGVRLADYQALIAEIQTLQLLPGACGPRIRSIVGCPGKEVCPNGVVDTREMARQVDQAFFGRDVPVKFKIAIAGCHNACTKPRENDIGLQGVVYPQLAADRCSLCGLCQSICPGGAIKIIADRVTIDRQKCCGDGACVASCPTGAWTAGARGFVLYAGGKMGRRPRLGDRLFDFIPEDEVIPRINSILQVFIKYRQGNERLADTIERLGSGGFRELIPPQFREEVAAGGRD	2Fe2S_2, 2Fe2S_3, 4Fe4S_1
Moth_1983	4Fe-4S ferredoxin, iron-sulfur binding protein	ABC20281.1	MVEVDPRACKECGYCTVVCSRDVFAPAAYFNERGYKPMQAVYPERCTGCRQCFYICPDFAISIDEPDKGLGV	2Fe2S_2, 2Fe2S_3, 3Fe4S_1, 4Fe4S_1, 2x_4Fe4S_1
Moth_1999	xanthine dehydrogenase, molybdenum binding subunit apoprotein	ABC20295.1	MHLQLLVNGQQREVDVNEEATLLEVLREHLRLTGAKNGCGEGTCGACTVIMGGKAVRACRTPVARAAGQEIITVEGLTPREKEIYAWAFTAAGAVQCGFCTPGMVMEAKALLDRQPDPGEAEIRQALKAHLCRCTGYQKIITAVRLAGQALRGEIEPYRGEPAGLGKAFFRPDAPPKVLGEAVFVDDMQVPGMLYGAVFRLPVARARIKGIDTTVARKQPGVVAVLTADDIPGKRYQGHIFKDWPALVAVGEETRYAGDALALVAAKSTREARAALDFIKVDYEELPPLTSPEEALAPGAPALHPRGNLLSETQVKKGDAEAALRSCAHVVTNTYQTPFTEHAFLEPESALAVPENGGLTVYTSTQGVYEIHAQLVSLLNLPPDKIRVINRFVGGGFGGKEDLSVQHHAALLAWATQRPVKLTWTRRESILCHPKRHAMTITMTTGCDAAGNLVALVADLVADTGAYASLGAQVLERACTHATGPYRIPNVTIRGRAVYTNNPPAGAFRGFGVPQSNFAMETQMNLLAAATGLSPWQIRWQNALEPGDTLATGQVVSEDIGIKETLLAVKEAYESSPCAGIACAFKNVGLGVGTPDTGRANLAVEGGRVRIYSSAACMGQGLESVLIQIVAETTGLPAEVIDCVLSDTALTPDAGCTTASRQSLFTGEATRRAAAALAEALRGRTLAELEGRVFRGEFHGVTDPLNSTREHPLTHVGYSYATQVVLLDDAGKVSKVVAAYDIGRAINPLNLEGQIEGGIVMGLGYALTEDFPLREGIPERQTLGRLGLLRSHQVPAMEVHLIEKGGTPYAYGAKGVGELATIPTAAAVAGAYYRFDGKVRLSLPLEGTPYTRG	2Fe2S_1, 2Fe2S_3
Moth_2078	conserved hypothetical protein	ABC20372.1	MFKLYETACRSALNRSRIPGIDYCLNPYSGCSHGCIYCYASCMAHFSNRQEKWGSFVQVKTNFTAVLASQLRRPKKGRVMLASVTDAYQAIEKKYSLTQSCLKLLTKSGLKVSILTKSDLVLRDAELLKSMPAAEVSFTITTLDEKLARMLEPGAPSPSRRLAALESLAGAGIKTWVQLKPT	2Fe2S_1
Moth_2112	Ferredoxin	ABC20404.1	MARVLVDFQPVGRRVEVDAGQTILSAIQQLGLSLGAGGLTAPCGGRGLCGRCRVRIASGEVGEVNPAERRFLTPAQLEKGYRLACQATVIGPVKVEIPPESMLGVQKLQVEGLDIAVTPEPPVKRYNLPLSKTTIENPLPLWQQVTGELEATYGLDRPGVDFGLAREWKPMATEGECVVTVRGPEVINIYTGRLAPPPVGLAVDLGTTKVAGFLINLETGATLAADGIMNPQITYGEDVMARLGYALEGEEEYRRIQEVEIEGLNRLAATLAAKAGVATTDIEEAVIVGNTAMHHLLLHLPVEQLARAPYVPALTTPVEIKTRNLGLNLSPGAFVYLQPVIAGFVGGDHVAMILGSRIDEARKVTLGLDIGTNTEIVLSYGGKMLSCSCASGPAFEGAHIAQGMRAVTGAIAAVRLSDDGRDVFWESIGGVPPLGICGSGILDAVAELYRTGILNASGRLDLNHPRVRRPAGGGPPEFLLVPAAETGIDGDLVVTQKDINEIQLAKAAIATGTLLLLEAAGLTVKDLEEVVVAGAFGTHLKLESAITIGMFPNLPLTAFRQVGNAAGTGARLALLSLTERKRGEAIARQVGYLELMTRPSFHEVYVKSLLLP	2Fe2S_1, 2Fe2S_3
Moth_2128	dihydroorotate oxidase B, electron transfer subunit	ABC20420.1	MQKLEAEVVASIRIGPDICLLRLKAPAIAATARPGQFVHLRCGEGLDPLLRRPLSIHDSGDGELTLFYQVKGRGTAWLSRQHPGSKVDLLGPLGRGFTLVSGRRLALVAGGLGMAPLFFLARQARELGNEVDFFYGARNSRGLHRLEALEDLGIRLFIATDDGSAGFRGPVTALWEKQLKDNHYDRAYACGPRPALAAFARLAAAAAVPAEVSLEERMACGFGACRGCVTALRDSRGEKYYENVCTGGPVFDAAAVCWEG	2Fe2S_1, 2Fe2S_3
Moth_2173	conserved hypothetical protein	ABC20462.1	MQVAQCSIKANTEKCTCTYEPCSRKGKCCECITFHRQYGELPGCLFPPEVERTYDRSIERFVACQREA	2Fe2S_1, 2Fe2S_3
Moth_2185	NADH dehydrogenase subunit I	ABC20474.1	MLKLLKKALQVGEATVEYPFKPVEVAPGFRGKPEYNFDRCIACGACATACPPNAITMEYDLKQGTKTWNIFYGRCIFCGRCEEVCPTGAIALTTEFELAVASKEDLYYRAEVQLRKCSCCGEYFAPSRELEYVMSTLEQSGLPEGDRQGWRQLLEKCPQCRRRQAAVSVAEATGSRDRVQGGGQ	2Fe2S_2, 2Fe2S_3, 3Fe4S_1, 4Fe4S_1, 7Fe8S_1, 2x_4Fe4S_1
Moth_2192	4Fe-4S ferredoxin, iron-sulfur binding protein	ABC20481.1	MPNRFVIADPERCLGCYTCMAGCALAHNKQGLQPFPRLFVTHTPDGTMPVQCRHCEDAPCARVCPVKAIEIKNQMVYLNEGLCIGCKMCALVCPFGCIDIQGTPAPSVEKDGLLNSYLIPLLAGATGQKTIATKCDLCYFDAEGPACVRVCPTRALRLVEGEEIERLSKLKRRTSIVGVTSILAEGRKS	2Fe2S_2, 2Fe2S_3, 3Fe4S_1, 4Fe4S_1, 7Fe8S_1, 2x_4Fe4S_1
Moth_2218	Glycine cleavage H-protein	ABC20507.1	MTAKYVILPCNGLDKEAGCLARELALKMAAATGSEIICPVLYQTAPSRYASLLREGSLVVIDGCATRCASRIAANNNLKIYRKITMTEEAKKRDYNPGPDWRVGAGAAAFVEDVWRSWQPVLREQEAGRAPGENAGLFAGPLEYAIHRHDKFIFRVPLEGFYFNENDCWVQVEGNRGRVGISDYLQQNLSDITFVTPPDPGTEVEQFGEMGTIESAKAVYELVSPVTGRVVAVNEAILEAPELINENPYEKGWITELELTNFEADREFLLDGRRYMEVLKEKVADFNAGK	2Fe2S_2
Moth_2219	4Fe-4S ferredoxin, iron-sulfur binding protein	ABC20508.1	MAENTFMGVPREKITWAPVIDYTRCNYCLECAKFCPHQVYEIREEEPRLIVANPTNCVVFCRACAKTCGPDAISFPEKSRVLEAIKALRQEEGGK	2Fe2S_2, 2Fe2S_3
Moth_2220	conserved hypothetical protein	ABC20509.1	MSEKKPGLIMCVCTGKCPGFAKMDIWDFINRVRVELPVEYGFIHPQLCEEDGDRFLADFLKAHRKVMIAACAPNMQNKMFRDALAAAGMDLKTDFYPLDIRDLTTEEAFQKVADALADWEAQANG	2Fe2S_3
Moth_2246	phosphoglucosamine mutase	ABC20533.1	MGKLFGTDGVRGVANQGLPPELAFRLGRAGAAVLAGKGDRVRVVVGRDTRISGDMLEAALVAGICSVGGQVLKVGIIPTPAVAWLTRDLGADAGVVISASHNPVADNGIKFFSASGYKLPDPVEEEIERLVLAPEDNLPRPVGVDLGRVKEVTEAPERYIAHVCSTAGRGLAGMQVVLDCANGAACRVAPAIFQRLGAEVSLLHNVPDGTNINVRCGSTHPESLQAEVVARGAAVGLAFDGDADRVIAVDEKGQVVDGDVIMTILALYRQEQGGLPGGQVVVTVMSNYGLHQALTAAGLRVQQTRVGDRYVLEEMLKSGAVLGGEQSGHIILLEHNTTGDGLITGVQLLQVMAATGRPLSELAAAMPRLPQILVNVRVGDKDAAMASPALQAAVAAAREQLAGRGRVLVRPSGTEPIIRLMVEGPDREELENIMAGLQRVASGL	2Fe2S_3
Moth_2259	dihydroxyacid dehydratase	ABC20546.1	MRSDAMKTGLARAPHRSLLKAMGLTETEIERPIIGVVNAHNELIPGHIHLNNLVEAVKAGVRLAGGTPLEFPTIGVCDGLAMNHVGMKYSLASRELIADMIEVMAMAHPFDALVFIPNCDKIVPGMLMAAARLNLPAIFISGGPMLAGRYQGRDVSLSTMFEAVGAVQAGKMTEQELAALEDCACPGCGSCAGMFTANTMNCMVEALGMGLPGNGTTPAVSGSRVRLAKEAGMQVMKLLQENIRPLDIMTATAFRNAVAVDMALGGSTNTCLHLPAIAHEAGVKLDLNTFNEINRRTPQICKLSPAGSQHIQDLDEAGGIPAVMNELYRHGLIDGSALTVTGRTVADNVSGRVVSRREVIRPVEDPYSREGGLAVLYGNLAPEGAVVKKGAVLPEMMRHEGPARVFNSEEEAFAAIMGKQIKPGDVVVIRYEGPRGGPGMQEMLSPTAALAGMGLDSSVALITDGRFSGASRGASIGHVSPEAAAGGLIALVEEGDIIAIDIEAGKLELKVPEEEIARRRQNWQAPPPKITGGYLGRYARMVTSGARGAVLE	2Fe2S_1
Moth_2264	4-oxalocrotonate tautomerase	ABC20551.1	MPLATIQIWEGPDRARKQKLIEAVRQAMINYGGLDPEEVYIVVQDLSRDSYTIKNVLSSEDTLTCATVRGCPYSGQDGCLLKQGKNCWETDHGCPLNPCAGKHEACSFFRHVQLMEVV	2Fe2S_3
Moth_2277	Thiamine pyrophosphate enzyme	ABC20564.1	MARITAGLEYGRGEIVRELLIGNHALARGAWEAGVRVAAAYPGTPSTEIIEALARYPEVYAEWAPNEKVALEVAIGAAIGGARSLAAMKHVGVNVAADPLMTLAYTGVNAGLVLVSADDPGLFSSQNEQDNRFYARMAQIPCLEPADSQEVKDMVMQAFNLSEEFDTPVILRLTTRIAHSYSLVELGDRQEVPLKSYVKQPAKYVMLPAFGKARHVVVEERRLKLAAYAETAPFNRVEWADRRVGIITSGIAYQYVKEALPGVSVLKLGLTYPLPEKLISDFVKAVKTCYVVEELEPFLEDQIRAWGLGVVGKELVPRVDELSSAIVARTVGSQVAAVAPELVAPDLTAVALPGMRTPGGQRAGEGSVPDARETTTAAPAELPGRPPLMCPGCPHRGVFYVLKKLRLVVAGDIGCYTLGATPPLQAMDSCICMGASLGVAMGLEKARGADFARRVVGVIGDSTFLHSGMTGLLDMVYNGGTGTLIILDNSTTAMTGHQDHPGTGYTASHQPAPKVDLEQIARALGVHRVQVVDSYNLETLERAIQEETAAREPSVIIARRPCALLKKEKEAVYAVSPDNCLSCRYCLDLGCPAISFSDGHGVIDPVLCNGCGLCTQVCPGEAIRKAGEEDE	2Fe2S_2, 2Fe2S_3, 4Fe4S_1
Moth_2305	conserved hypothetical protein	ABC20592.1	MAGKEFKQRIRQALNNASLRGALGRFADSYVVSREEVYAGRDFESLRQRIAAIKADAAGRYEELADRFSRAVEARGGKVFRAKDAAAAREYIYQVAKEHGVTEIVKSKSFASEEIHLNEFLQERGINPYETDLAEWILQLMPGERPSHMVMPAIHLPKEEVARVFSRYLGEPVEPDIKNMVRIARRELRKKFLTAGMGISGANIAVAETGTIVLCTNEGNARLTTTVPPVHVAIVGYEKLVPSIKDIVPILEALPRSGTAQPITSYVTMITGPVPAWRGEGEGIKELHVVLLDNGRTRMAADPVFKEALQCIRCASCTNVCPVFQLVSGQVYGYIYNGGIGSVLTAFFNSLEDAVDPQSLCIGCRRCAEVCPAKINIPDLVLKLRERVVTKQGLSSGYRIALHGIVAKPKLMHTLLRAASRLQGPVTHGQPLIRHLPLFFSNLTSGRSLPAIAKEPLRDRVKRLEARTGRPRLKAAFYSGCVIDFAYPEIGEAVYKVLGREGVQVTFPQGQACCGAPAVYAGDRETAVKLAKQNITALEEARADVVVTACPTCAVALKKDFPELLAGEPAWEERARALAKKVKDFTELVHELTGGQGKKVKQAKKSGSGAVKVTYHDSCHFKRHLGLDQVARQVLKEQPGVELVEMQESDRCCGFGGSYSIKYPEISAPILERKLKNITESGAQVVAADCPGCVLQLRGGLDQKGSSIKVKHTAEVLAALENLQGGGNSK	7Fe8S_1, 2x_4Fe4S_1
Moth_2307	conserved hypothetical protein	ABC20594.1	MSYLDDLALVGEEMAKCMKCGNCQAVCPLYKEILREAAVARGKVQLAYAYLRGEIPATHSLAEKFLFCLTCMACVANCPSGVRVDKVVLAARAAMVREKGLPWLKKVIFQGLKRSWLFDTALKTGRHFQSFALRYRPEIQRCNPRFPIGLELRRVLPPLARRTLREEFPEVIRPVQPRARATFFTGCLENYIYTDIGRAVVNVLLANDIEVIIPRDQHCCGIPTLVHGDVLTAREMAASNLHIFQGYNFDYLVTACATCGEAWKQYYPSLMDNGPLGEVAGQMARKARDINEFLVEIDYRVPTGSLPLKVTYHDPCHLVRGQGISRQPRQILGSISGVEVVEMKNADRCCGSAGSFSLTNYDVSMQVQAHKVAAIKATGAGTVVTACPACRMQLEDGLAQAGLSPSVFHVVQLLEQAYGITAN	7Fe8S_1, 2x_4Fe4S_1
Moth_2312	formate dehydrogenase alpha subunit	ABC20599.2	MVNLTIDGQRVTAPEGMTILEVARENGIHIPTLCHHPKLRPLGYCRLCLVDIEGAAKPMTACNTPVAEGMVIRTSTPVIEEMRKGIIEMLLSLHPEDCLTCEKAGNCQLQDCAYTYGVKHGELPVKREELPVLKENPFIVRDYNKCIVCGRCVRACQEVQVQRVVDLVGKGSAARVGATKAGAEVSLEEGGCVFCGNCVQVCPVGALTEKAGLGQGREWEFKKVRSICSYCGVGCNLTLYVKDGKVVKVRGYENPEVNNGWLCVKGRFGFDYIHNPDRITRPLIREGDREKGYFREASWEEALALVSQKLTQIKGSYGSEALGFLCSAKCTNEENYLLQKLARGVLGTNNVDHCARLUHSSTVAGLATTFGSGAMTNSIADIASADCIFVIGSNTTENHPVIALKVKEAVRRGARLIVADPRRIELVNFSYLWLRQKPGTDLALLNGLLHVIIKEELYDKEFIAQRTEGFEALKLAVEEYTPAKVSEVTGVPAGDIIEAARTYARGPSSTILYAMGITQHITGTANVMALANLAMACGQVGKEGSGVNPLRGQSNVQGACDMGGLPNVLPGYQPVTDPGVRHKFSEAWGVPDLPGEPGLTLMEMMAAAQEGKLKGMYILGENPVLTDPDVSHVKEALKNLEFLVVQDIFLTETARMADVVLPGASFAEKEGTFTSTERRVQLLHKAIEPPGEARPDWLILNDLLLLMGYPRKYSSPGEIMQEIAGLTPSYAGITYERLEDKGLQWPVLSLEHPGTPVLHREKFSRGYGQFQVVHYRPPAEEPDEEYPFLFTTGRNLYHYHTVISRKSRGLEEMCPAPVVEINDNDAARLGIREGEMIEIVSRRGKVRVKALVTDRIPRGQVFMNFHFHEAAANLLTIAALDPVAKIPEYKTCAVAIKVKK	2Fe2S_2, 2Fe2S_3, 3Fe4S_1, 4Fe4S_1, 2x_4Fe4S_1
Moth_2314	Respiratory-chain NADH dehydrogenase, 51 kDa subunit	ABC20601.1	MGEVVFSTWGGKVVDHRGGPSGGGPSWAGEFGGRQLKAFIGWDGLVVTDPAVDLLAALQAYYQAVQGESCGRCVPCRVGTRVIYNVLVRIAGGEGLPSDLDLLRRVAWIVRDGSLCELGQAGAKAVLDFLDYYSEALRPFLEDSGRVAGGQRRPGPGGRVQVLASGRVLVGNDRGKGAAAASPAAGLTYKPFVTAPCLKRCPAHLDIPAYIDAIKDGRYEESLAIIRQRTALAGVLGRVCVHPCEENCRRGNVDEPLAIRGLKRFVADYEVKRGRRPVAVCGGNLFTGPWRPAGQAGGEETTAVTSGKKVAIIGAGPAGLSAAYQLAGRGYKVTIFEALPVAGGMLAVGIPSYRLPRDILAGEIEAIKALGVTINLNTRVGVDVTMDQLQRDYDAVFIATGLHASSRMGVAGEDEGYGGFIPGVKFLRDLNLDRCPSLEGKVVAVVGGGNVAMDCARSALRRGAREVHLIYRRSRAEMPAHATEVRDAEAEGVIYHFLVNPTALVAEKGNIKGMQCVRMKLGEPDDSGRRRPVPVPGTEFFLPCDIVVPAIGQAADLSFLDGRIEVGKRGTISVDPVTLATSVPGVFAGGDIVLGARTVVEAVAQGNRAAVSIDQYLRQGTTSPTVEDELDAWLEKVGVYDPEEDVGIYGGRPRQAERVAPLAERVKDFREVEGGFDFYAGRAEAERCLRCYRVGMMVLAGEGESNG	2Fe2S_2, 2Fe2S_3
Moth_2389	CMP/dCMP deaminase, zinc-binding protein	ABC20671.1	MRKEWDEYFLDIAFQVASRSTCNRLAVGAVVVKDKRIKGTGYNGAPHGLPHCLEVGCLMEGEHCLRTIHAEINALLECSPEERQGATMYVTDYPCERCALVIVQSGIKRLVYARPYHVNHDWLLEAGIEIVHLPR	2Fe2S_3
Moth_2423	Radical SAM	ABC20705.1	MTATLNLQMVDWQGDLHWFDFEDLTLLLDVNSGAVHLIDAAARDVLEELRDRQEQGVLTAEDLITVLPRAVRTWGTATVLEVCRELAARQAAGTLFSVDEVGRNYRPPQPSLQALCLHVAHDCNMRCRYCFADGGPFGGERGLMNRDTGYAALDLLFREAGNRPRVEVDFFGGEPLLNFGVVRELVAYGREKAAAAGKGISFTLTTNGLALSPEIENYLITEGVSVILSLDGRREVHDFNRPDAAGRGTYERVVPREQHFVASQGHRDYWVRGTYTRQNLDFTSDILHMVELGFRYLSMEPVVAAPEAEYAIKEEDLPRLAGEYRRLARIYLERARAGKGFSFFHFNIDAAAGPCLTKRLTGCGAGTSYLAVTPAGDLYPCHQLVGRKDYCLGNVREGIRRPELREAFRQAYVYNQPACSRCWARFYCSGGCHAANLAATGDLRQPAPIACAIQKMRLEAALYVQVKMAGKFC	2Fe2S_2
